name_variant,filed_type,entity_id,canonical_name,entity_type,match_key,capacity_rule,rows
A A Alagammai,individual,E0001,A A Alagammai,individual,aa alagammai,as_filed,1
A M M VELLAYAN SONS P LTD,corporate,E0002,A M M VELLAYAN SONS P LTD,corporate,amm vellayan sons p,as_filed,6
A M M Vellayan Sons P,corporate,E0002,A M M VELLAYAN SONS P LTD,corporate,amm vellayan sons p,as_filed,1
A M M Vellayan Sons P Limited,corporate,E0002,A M M VELLAYAN SONS P LTD,corporate,amm vellayan sons p,as_filed,1
A M M Vellayan Sons P Ltd,corporate,E0002,A M M VELLAYAN SONS P LTD,corporate,amm vellayan sons p,as_filed,1
A M MEYYAMMAI,individual,E0003,A M MEYYAMMAI,individual,am meyyammai,as_filed,6
A M Meyyammai,individual,E0003,A M MEYYAMMAI,individual,am meyyammai,as_filed,1
A V NAGALAKSHMI,individual,E0004,A V NAGALAKSHMI,individual,av nagalakshmi,as_filed,4
A V Nagalakshmi,individual,E0004,A V NAGALAKSHMI,individual,av nagalakshmi,as_filed,1
A VENKATACHALAM,individual,E0005,A VENKATACHALAM,individual,a venkatachalam,as_filed,6
A Venkatachalam,individual,E0005,A VENKATACHALAM,individual,a venkatachalam,as_filed,1
A.KEERTIKA UNNAMALAI,individual,E0006,A.KEERTIKA UNNAMALAI,individual,a keertika unnamalai,as_filed,5
A. Keertika Unnamalai,individual,E0006,A.KEERTIKA UNNAMALAI,individual,a keertika unnamalai,as_filed,1
ABNL Investment Limited,corporate,E0007,ABNL Investment Limited,corporate,abnl investment,as_filed,1
Abnl Investment Limited,corporate,E0007,ABNL Investment Limited,corporate,abnl investment,as_filed,1
"Acacia Partners, Lp",corporate,E0008,"Acacia Partners, Lp",corporate,acacia partners,as_filed,1
Aditya Birla Capital Ltd,corporate,E0009,Aditya Birla Capital Ltd,corporate,aditya birla capital,as_filed,27
Aditya Birla Fashion and Retail Ltd,corporate,E0010,Aditya Birla Fashion and Retail Ltd,corporate,aditya birla fashion and retail,as_filed,22
Aditya Birla Lifestyle Brands Ltd,corporate,E0011,Aditya Birla Lifestyle Brands Ltd,corporate,aditya birla lifestyle brands,as_filed,22
Aditya Birla Real Estate Ltd,corporate,E0012,Aditya Birla Real Estate Ltd,corporate,aditya birla real estate,as_filed,15
Aditya Birla Real Estate Limited,corporate,E0012,Aditya Birla Real Estate Ltd,corporate,aditya birla real estate,as_filed,2
ADITYA BIRLA REAL ESTATE LIMITED (FORMERLY CENTURY TEXTILES AND INDUSTRIES LIMITED),corporate,E0012,Aditya Birla Real Estate Ltd,corporate,aditya birla real estate,as_filed,1
Aditya Birla Sun Life Trustee Private Limited A/C - Aditya Birla Sun Life Elss Tax Saver Fund,corporate,E0013,Aditya Birla Sun Life Trustee Private Limited A/C - Aditya Birla Sun Life Elss Tax Saver Fund,corporate,aditya birla sun life trustee private limited ac aditya birla sun life elss tax saver fund,as_filed,1
Aditya Birla Sun Life Trustee Private Limited A/C - Aditya Birla Sun Life Large Cap Fund,corporate,E0014,Aditya Birla Sun Life Trustee Private Limited A/C - Aditya Birla Sun Life Large Cap Fund,corporate,aditya birla sun life trustee private limited ac aditya birla sun life large cap fund,as_filed,1
Aditya Deorah,individual,E0015,Aditya Deorah,individual,aditya deorah,as_filed,1
Aditya Vikram Kumarmangalam Birla Huf .,individual,E0016,Aditya Vikram Kumarmangalam Birla Huf,individual,aditya vikram kumarmangalam birla huf,huf,2
ADITYA VIKRAM KUMARMANGALAM BIRLA HUF . (KARTA - KUMAR MANGALAM BIRLA),individual,E0016,Aditya Vikram Kumarmangalam Birla Huf,individual,aditya vikram kumarmangalam birla huf,huf,1
Aditya Vikram Kumarmangalam Birla HUF,individual,E0016,Aditya Vikram Kumarmangalam Birla Huf,individual,aditya vikram kumarmangalam birla huf,huf,1
Aditya Vikram Kumarmangalam Birla HUF (Karta - Mr. Kumar Mangalam Birla),individual,E0016,Aditya Vikram Kumarmangalam Birla Huf,individual,aditya vikram kumarmangalam birla huf,huf,1
Aditya Vikram Kumarmangalam Birla Huf,individual,E0016,Aditya Vikram Kumarmangalam Birla Huf,individual,aditya vikram kumarmangalam birla huf,huf,1
Aditya Vikram Kumarmangalam Birla Huf.,individual,E0016,Aditya Vikram Kumarmangalam Birla Huf,individual,aditya vikram kumarmangalam birla huf,huf,1
Advaitesha Birla,individual,E0017,Advaitesha Birla,individual,advaitesha birla,as_filed,2
Aftaab Investment Company Limited,corporate,E0018,Aftaab Investment Company Limited,corporate,aftaab investment,as_filed,1
AL-AMIN INVESTMENTS LTD,corporate,E0019,AL-AMIN INVESTMENTS LTD,corporate,al amin investments,as_filed,1
All India Kashiraj Trust,corporate,E0020,All India Kashiraj Trust,corporate,all india kashiraj trust,as_filed,1
Amansa Holdings Private Limited,corporate,E0021,Amansa Holdings Private Limited,corporate,amansa holdings,as_filed,1
Ambadi Enterprises Ltd,corporate,E0022,Ambadi Enterprises Ltd,corporate,ambadi enterprises,as_filed,1
AMBADI INVESTMENTS LIMITED,corporate,E0023,AMBADI INVESTMENTS LIMITED,corporate,ambadi investments,as_filed,5
Ambadi Investments Limited,corporate,E0023,AMBADI INVESTMENTS LIMITED,corporate,ambadi investments,as_filed,3
MA ALAGAPPAN Karta of AMM Arunachalam HUF,individual,E0024,AMM Arunachalam HUF,individual,amm arunachalam huf,karta_of,1
Anamika Kunwar,individual,E0025,Anamika Kunwar,individual,anamika kunwar,as_filed,1
Anant Narain Singh,individual,E0026,Anant Narain Singh,individual,anant narain singh,as_filed,1
Ananyashree Birla,individual,E0027,Ananyashree Birla,individual,ananyashree birla,as_filed,2
Anatole Investments Pte Ltd,corporate,E0028,Anatole Investments Pte Ltd,corporate,anatole investments,as_filed,1
Anirudh Narain Singh,individual,E0029,Anirudh Narain Singh,individual,anirudh narain singh,as_filed,1
ANVIL FINTRADE PVT LTD,corporate,E0030,ANVIL FINTRADE PVT LTD,corporate,anvil fintrade,as_filed,1
AR LAKSHMI ACHI TRUST,corporate,E0031,AR LAKSHMI ACHI TRUST,corporate,ar lakshmi achi trust,as_filed,3
AR Lakshmi Achi Trust,corporate,E0031,AR LAKSHMI ACHI TRUST,corporate,ar lakshmi achi trust,as_filed,2
AR. Lakshmi Achi Trust,corporate,E0031,AR LAKSHMI ACHI TRUST,corporate,ar lakshmi achi trust,as_filed,1
AR.LAKSHMI ACHI TRUST,corporate,E0031,AR LAKSHMI ACHI TRUST,corporate,ar lakshmi achi trust,as_filed,1
ARES DIVERSIFIED,corporate,E0032,ARES DIVERSIFIED,corporate,ares diversified,as_filed,1
Arjun Ramani,individual,E0033,Arjun Ramani,individual,arjun ramani,as_filed,1
ARUN ALAGAPPAN,individual,E0034,ARUN ALAGAPPAN,individual,arun alagappan,as_filed,5
Arun Alagappan,individual,E0034,ARUN ALAGAPPAN,individual,arun alagappan,as_filed,1
Arun Murugappan Children'sTrust (M A M Arunachalam & Sigappi Arunachalam are Trustees),corporate,E0035,Arun Murugappan Children's Trust,corporate,arun murugappan childrenstrust,as_filed,2
Arun Murugappan Children's Trust (MAM Arunachalam & Sigappi Arunachalam hold on behalf of trust),corporate,E0035,Arun Murugappan Children's Trust,corporate,arun murugappan childrens trust,as_filed,1
Arun Murugappan Children's Trust (MAM Arunachalam & Sigappi Arunachalam hold shares on behalf of trust),corporate,E0035,Arun Murugappan Children's Trust,corporate,arun murugappan childrens trust,as_filed,1
Arun Murugappan ChildrenTrust(MAM Arunachalam & Sigappi Arunachalam Trustees holds shares for Trust,corporate,E0035,Arun Murugappan Children's Trust,corporate,arun murugappan childrentrust,as_filed,1
M A M ARUNACHALAM Trustee of Arun Murugappan Children Trust (AOP),individual,E0035,Arun Murugappan Children's Trust,corporate,arun murugappan children trust,trustee_of,1
M A M ARUNACHALAM(MAM Arunachalam&Sigappi Arunachalam behalf of Arun Murugappan Childiren's Trust),individual,E0035,Arun Murugappan Children's Trust,corporate,arun murugappan childirens trust,behalf_of,1
MAM ARUNACHALAM(MAM A & S Arunachalam hold on behalf of Arun Murugappan Children's Trust),corporate,E0035,Arun Murugappan Children's Trust,corporate,arun murugappan childrens trust,behalf_of,1
Arun Nahar,individual,E0036,Arun Nahar,individual,arun nahar,as_filed,1
ARUN VENKATACHALAM,individual,E0037,ARUN VENKATACHALAM,individual,arun venkatachalam,as_filed,5
Arun Venkatachalam,individual,E0037,ARUN VENKATACHALAM,individual,arun venkatachalam,as_filed,1
Aryaman Vikram Birla,individual,E0038,Aryaman Vikram Birla,individual,aryaman vikram birla,as_filed,4
ASIAN TELECOMMUNICATIONS INVESTMENTS (MAURITIUS) LIMITED,corporate,E0039,ASIAN TELECOMMUNICATIONS INVESTMENTS (MAURITIUS) LIMITED,corporate,asian telecommunications investments mauritius,as_filed,1
Automobile Corporation of Goa Ltd-$,corporate,E0040,Automobile Corporation of Goa Ltd-$,corporate,automobile corporation of goa,as_filed,8
Automotive Stampings and Assemblies Ltd,corporate,E0041,Automotive Stampings and Assemblies Ltd,corporate,automotive stampings and assemblies,as_filed,1
AXIS ELSS TAX SAVER FUND,corporate,E0042,AXIS ELSS TAX SAVER FUND,corporate,axis elss tax saver fund,as_filed,2
AXIS MUTUAL FUND TRUSTEE LIMITED A/C AXIS MUTUAL F,corporate,E0043,AXIS MUTUAL FUND TRUSTEE LIMITED A/C AXIS MUTUAL F,corporate,axis mutual fund trustee limited ac axis mutual f,as_filed,1
AXIS MUTUAL FUND TRUSTEE LIMITED A/C AXIS MUTUAL FUND,corporate,E0044,AXIS MUTUAL FUND TRUSTEE LIMITED A/C AXIS MUTUAL FUND,corporate,axis mutual fund trustee limited ac axis mutual fund,as_filed,1
AXIS MUTUAL FUND TRUSTEE LIMITED A/C AXIS MUTUAL FUND A/C AXIS MIDCAP FUND,corporate,E0045,AXIS MUTUAL FUND TRUSTEE LIMITED A/C AXIS MUTUAL FUND A/C AXIS MIDCAP FUND,corporate,axis mutual fund trustee limited ac axis mutual fund ac axis midcap fund,as_filed,1
AXIS MUTUAL FUND TRUSTEE LTD. A/C (Through Multiple Schemes),corporate,E0046,AXIS MUTUAL FUND TRUSTEE LTD. A/C,corporate,axis mutual fund trustee,as_filed,1
B. K. Birla Foundation,corporate,E0047,B. K. Birla Foundation,corporate,bk birla foundation,as_filed,1
Bandhan Large & Mid Cap Fund,corporate,E0048,Bandhan Large & Mid Cap Fund,corporate,bandhan large and mid cap fund,as_filed,1
BANDHAN MULTI CAP FUND,corporate,E0049,BANDHAN MULTI CAP FUND,corporate,bandhan multi cap fund,as_filed,1
Bandhan Small Cap Fund,corporate,E0050,Bandhan Small Cap Fund,corporate,bandhan small cap fund,as_filed,1
Benares Hotels Ltd,corporate,E0051,Benares Hotels Ltd,corporate,benares hotels,as_filed,22
BHARAT AROGYA AND GYAN MANDIR,corporate,E0052,BHARAT AROGYA AND GYAN MANDIR,corporate,bharat arogya and gyan mandir,as_filed,1
Birla Consultants Limited,corporate,E0053,Birla Consultants Limited,corporate,birla consultants,as_filed,3
BIRLA CONSULTANTS LIMITED,corporate,E0053,Birla Consultants Limited,corporate,birla consultants,as_filed,1
Birla Corporation Limited,corporate,E0054,Birla Corporation Limited,corporate,birla,as_filed,1
BIRLA EDUCATION TRUST,corporate,E0055,BIRLA EDUCATION TRUST,corporate,birla education trust,as_filed,1
Birla Education Trust,corporate,E0055,BIRLA EDUCATION TRUST,corporate,birla education trust,as_filed,1
BIRLA EDUCATIONAL INSTITUTION,corporate,E0056,BIRLA EDUCATIONAL INSTITUTION,corporate,birla educational institution,as_filed,1
Birla Educational Institution,corporate,E0056,BIRLA EDUCATIONAL INSTITUTION,corporate,birla educational institution,as_filed,1
Birla Group Holdings Private Limited,corporate,E0057,Birla Group Holdings Private Limited,corporate,birla group holdings,as_filed,6
BIRLA GROUP HOLDINGS PRIVATE LIMITED,corporate,E0057,Birla Group Holdings Private Limited,corporate,birla group holdings,as_filed,4
Birla Group Holdings Pvt. Limited,corporate,E0057,Birla Group Holdings Private Limited,corporate,birla group holdings,as_filed,1
Birla Industrial Finance India Limited,corporate,E0058,Birla Industrial Finance India Limited,corporate,birla industrial finance india,as_filed,2
BIRLA INDUSTRIAL FINANCE INDIA LIMITED,corporate,E0058,Birla Industrial Finance India Limited,corporate,birla industrial finance india,as_filed,1
Birla Industrial Finance (India) Limited,corporate,E0058,Birla Industrial Finance India Limited,corporate,birla industrial finance india,as_filed,1
Birla Industrial Investments India Limited,corporate,E0059,Birla Industrial Investments India Limited,corporate,birla industrial investments india,as_filed,2
BIRLA INDUSTRIAL INVESTMENTS INDIA LIMITED,corporate,E0059,Birla Industrial Investments India Limited,corporate,birla industrial investments india,as_filed,1
Birla Industrial Investments (India) Limited,corporate,E0059,Birla Industrial Investments India Limited,corporate,birla industrial investments india,as_filed,1
Birla Institute of Technology and Science,corporate,E0060,Birla Institute of Technology and Science,corporate,birla institute of technology and science,as_filed,2
BIRLA INSTITUTE OF TECHNOLOGY AND SCIENCE,corporate,E0060,Birla Institute of Technology and Science,corporate,birla institute of technology and science,as_filed,1
Birla Institute Of Technology And Science,corporate,E0060,Birla Institute of Technology and Science,corporate,birla institute of technology and science,as_filed,1
Brajraj Singh,individual,E0061,Brajraj Singh,individual,brajraj singh,as_filed,1
C HEMALATHA REDDY,individual,E0062,C HEMALATHA REDDY,individual,c hemalatha reddy,as_filed,1
C LEENAJA REDDY,individual,E0063,C LEENAJA REDDY,individual,c leenaja reddy,as_filed,1
Caladium Investment Pte. Ltd.,corporate,E0064,Caladium Investment Pte. Ltd,corporate,caladium investment,as_filed,2
CANARA ROBECO MUTUAL FUND A/C CANARA ROBECO EQUITY,corporate,E0065,CANARA ROBECO MUTUAL FUND A/C CANARA ROBECO EQUITY,corporate,canara robeco mutual fund ac canara robeco equity,as_filed,1
CANARA ROBECO MUTUAL FUND A/C CANARA ROBECO LARGE AND MID CAP FUND,corporate,E0066,CANARA ROBECO MUTUAL FUND A/C CANARA ROBECO LARGE AND MID CAP FUND,corporate,canara robeco mutual fund ac canara robeco large and mid cap fund,as_filed,1
Canara Robeco Mutual Fund A/C Canara Robeco Large And Mid Cap Fund,corporate,E0066,CANARA ROBECO MUTUAL FUND A/C CANARA ROBECO LARGE AND MID CAP FUND,corporate,canara robeco mutual fund ac canara robeco large and mid cap fund,as_filed,1
CANARA ROBECO MUTUAL FUND A/C GAD,corporate,E0067,CANARA ROBECO MUTUAL FUND A/C GAD,corporate,canara robeco mutual fund ac gad,as_filed,1
Carborundum Universal Ltd,corporate,E0068,Carborundum Universal Ltd,corporate,carborundum universal,as_filed,62
CARBORUNDUM UNIVERSAL LIMITED,corporate,E0068,Carborundum Universal Ltd,corporate,carborundum universal,as_filed,4
Carborundum Universal Limited,corporate,E0068,Carborundum Universal Ltd,corporate,carborundum universal,as_filed,2
CC II (MAURITIUS) INC,corporate,E0069,CC II (MAURITIUS) INC,corporate,cc ii mauritius,as_filed,1
Century Enka Ltd,corporate,E0070,Century Enka Ltd,corporate,century enka,as_filed,20
Century Enka Limited,corporate,E0070,Century Enka Ltd,corporate,century enka,as_filed,1
CG Power and Industrial Solutions Ltd,corporate,E0071,CG Power and Industrial Solutions Ltd,corporate,cg power and industrial solutions,as_filed,25
Chetan Gopaldas Cholera,individual,E0072,Chetan Gopaldas Cholera,individual,chetan gopaldas cholera,as_filed,1
CHILAMILIKA LALINI HARIANI,individual,E0073,CHILAMILIKA LALINI HARIANI,individual,chilamilika lalini hariani,as_filed,1
CHOLA BUSINESS SERVICES LIMITED,corporate,E0074,CHOLA BUSINESS SERVICES LIMITED,corporate,chola business services,as_filed,1
Cholamandalam Financial Holdings Ltd,corporate,E0075,Cholamandalam Financial Holdings Ltd,corporate,cholamandalam financial holdings,as_filed,63
CHOLAMANDALAM FINANCIAL HOLDINGS LIMITED,corporate,E0075,Cholamandalam Financial Holdings Ltd,corporate,cholamandalam financial holdings,as_filed,1
CHOLAMANDALAM FINANCIAL HOLDINGS LIMITED (Formerly TI Financial Holdings Ltd),corporate,E0075,Cholamandalam Financial Holdings Ltd,corporate,cholamandalam financial holdings,as_filed,1
Cholamandalam Financial Holdings Limited,corporate,E0075,Cholamandalam Financial Holdings Ltd,corporate,cholamandalam financial holdings,as_filed,1
Cholamandalam Investment and Finance Company Ltd,corporate,E0076,Cholamandalam Investment and Finance Company Ltd,corporate,cholamandalam investment and finance,as_filed,67
"Citibank N.A. New York, NYADR Department",corporate,E0077,"Citibank N.A. New York, NYADR Department",corporate,citibank na new york nyadr department,as_filed,1
Coromandel International Ltd,corporate,E0078,Coromandel International Ltd,corporate,coromandel international,as_filed,50
COROMANDEL INTERNATIONAL LIMITED,corporate,E0078,Coromandel International Ltd,corporate,coromandel international,as_filed,1
D K PAVAN,individual,E0079,D K PAVAN,individual,dk pavan,as_filed,1
D KARTHIK REDDY,individual,E0080,D KARTHIK REDDY,individual,d karthik reddy,as_filed,1
D NAVEEN REDDY,individual,E0081,D NAVEEN REDDY,individual,d naveen reddy,as_filed,1
D NITYA REDDY,individual,E0082,D NITYA REDDY,individual,d nitya reddy,as_filed,1
D RAHUL REDDY,individual,E0083,D RAHUL REDDY,individual,d rahul reddy,as_filed,1
D V SHARAN,individual,E0084,D V SHARAN,individual,dv sharan,as_filed,1
D. ARUNA REDDY,individual,E0085,D. ARUNA REDDY,individual,d aruna reddy,as_filed,1
D. SUDHA REDDY,individual,E0086,D. SUDHA REDDY,individual,d sudha reddy,as_filed,1
D. VARADA REDDY,individual,E0087,D. VARADA REDDY,individual,d varada reddy,as_filed,1
D. VIJAYAGOPAL REDDY,individual,E0088,D. VIJAYAGOPAL REDDY,individual,d vijayagopal reddy,as_filed,1
DEEPTHA REDDY,individual,E0089,DEEPTHA REDDY,individual,deeptha reddy,as_filed,1
Department of Investment and Public Asset Management,corporate,E0090,Department of Investment and Public Asset Management,corporate,department of investment and public asset management,as_filed,1
Dhanesh S Shah,individual,E0091,Dhanesh S Shah,individual,dhanesh s shah,as_filed,2
DHRUV M ARUNACHALAM,individual,E0092,DHRUV M ARUNACHALAM,individual,dhruv m arunachalam,as_filed,6
Dhruv M Arunachalam,individual,E0092,DHRUV M ARUNACHALAM,individual,dhruv m arunachalam,as_filed,1
Diana Dhun Ratnagar,individual,E0093,Diana Dhun Ratnagar,individual,diana dhun ratnagar,as_filed,1
DODLA ABISHEK,individual,E0094,DODLA ABISHEK,individual,dodla abishek,as_filed,1
DODLA AMIT REDDY,individual,E0095,DODLA AMIT REDDY,individual,dodla amit reddy,as_filed,1
DODLA POORNIMA REDDY,individual,E0096,DODLA POORNIMA REDDY,individual,dodla poornima reddy,as_filed,1
DODLA PRAKASH REDDY,individual,E0097,DODLA PRAKASH REDDY,individual,dodla prakash reddy,as_filed,1
DODLA PRASANNA REDDY,individual,E0098,DODLA PRASANNA REDDY,individual,dodla prasanna reddy,as_filed,1
DODLA PREMALEELA REDDY,individual,E0099,DODLA PREMALEELA REDDY,individual,dodla premaleela reddy,as_filed,1
DODLA SHILPA,individual,E0100,DODLA SHILPA,individual,dodla shilpa,as_filed,1
DODLA VENKATARAMANI,individual,E0101,DODLA VENKATARAMANI,individual,dodla venkataramani,as_filed,1
DSP FLEXI CAP FUND,corporate,E0102,DSP FLEXI CAP FUND,corporate,dsp flexi cap fund,as_filed,1
DSP Midcap Fund (Various Accounts),corporate,E0103,DSP Midcap Fund,corporate,dsp midcap fund,as_filed,1
DSP NIFTY 500 INDEX FUND,corporate,E0104,DSP NIFTY 500 INDEX FUND,corporate,dsp nifty 500 index fund,as_filed,1
Durgesh S Shah,individual,E0105,Durgesh S Shah,individual,durgesh s shah,as_filed,1
DWARAKNATH REDDY HUF (P DWARAKNATH REDDY),individual,E0106,DWARAKNATH REDDY HUF,individual,dwaraknath reddy huf,huf,1
Edc Limited,corporate,E0107,Edc Limited,corporate,edc,as_filed,1
EID Parry India Ltd,corporate,E0108,EID Parry India Ltd,corporate,eid parry india,as_filed,53
E.I.D.PARRY (INDIA) LTD.,corporate,E0108,EID Parry India Ltd,corporate,eid parry india,as_filed,2
E.I.D. Parry (India) Ltd.,corporate,E0108,EID Parry India Ltd,corporate,eid parry india,as_filed,1
E.I.D.PARRY (INDIA) Limited,corporate,E0108,EID Parry India Ltd,corporate,eid parry india,as_filed,1
ELAINE INVESTMENTS PTE LTD,corporate,E0109,ELAINE INVESTMENTS PTE LTD,corporate,elaine investments,as_filed,1
ESSEL MINING & INDUSTRIES LTD,corporate,E0110,ESSEL MINING & INDUSTRIES LTD,corporate,essel mining and industries,as_filed,2
EURO PACIFIC SECURITIES LTD,corporate,E0111,EURO PACIFIC SECURITIES LTD,corporate,euro pacific securities,as_filed,1
Ewart Investments Limited,corporate,E0112,Ewart Investments Limited,corporate,ewart investments,as_filed,10
EWART INVESTMENTS LIMITED,corporate,E0112,Ewart Investments Limited,corporate,ewart investments,as_filed,1
FRANKLIN ASIAN EQUITY FUND,corporate,E0113,FRANKLIN ASIAN EQUITY FUND,corporate,franklin asian equity fund,as_filed,1
Franklin India Flexi Cap Fund,corporate,E0114,Franklin India Flexi Cap Fund,corporate,franklin india flexi cap fund,as_filed,1
French Wilbert Ltd,corporate,E0115,French Wilbert Ltd,corporate,french wilbert,as_filed,1
G V K RANJAN,individual,E0116,G V K RANJAN,individual,gvk ranjan,as_filed,1
GAGANDEEP CREDIT CAPITAL PVT LTD,corporate,E0117,GAGANDEEP CREDIT CAPITAL PVT LTD,corporate,gagandeep credit capital,as_filed,1
Gagandeep Credit Capital Pvt Ltd,corporate,E0117,GAGANDEEP CREDIT CAPITAL PVT LTD,corporate,gagandeep credit capital,as_filed,1
General Insurance Corporation Of India,corporate,E0118,General Insurance Corporation Of India,corporate,general insurance corporation of india,as_filed,1
GIRIJA GOLLAMUDI REDDY,individual,E0119,GIRIJA GOLLAMUDI REDDY,individual,girija gollamudi reddy,as_filed,1
Global Holdings Private Limited,corporate,E0120,Global Holdings Private Limited,corporate,global holdings,as_filed,1
Goldman Sachs Funds - Goldman Sachs India Equity Portfolio,corporate,E0121,Goldman Sachs Funds - Goldman Sachs India Equity Portfolio,corporate,goldman sachs funds goldman sachs india equity portfolio,as_filed,1
GOLLAMUDI VENKA REDDY,individual,E0122,GOLLAMUDI VENKA REDDY,individual,gollamudi venka reddy,as_filed,1
Governement of Singapore,corporate,E0123,Governement of Singapore,corporate,governement of singapore,as_filed,1
Government Of Singapore,corporate,E0123,Governement of Singapore,corporate,government of singapore,as_filed,1
GOVERNMENT PENSION FUND GLOBAL,corporate,E0124,GOVERNMENT PENSION FUND GLOBAL,corporate,government pension fund global,as_filed,2
Government Pension Fund Global,corporate,E0124,GOVERNMENT PENSION FUND GLOBAL,corporate,government pension fund global,as_filed,1
GOVINDLAL M PARIKH,individual,E0125,GOVINDLAL M PARIKH,individual,govindlal m parikh,as_filed,1
Grasim Industries Ltd,corporate,E0126,Grasim Industries Ltd,corporate,grasim industries,as_filed,36
Grasim Industries Limited,corporate,E0126,Grasim Industries Ltd,corporate,grasim industries,as_filed,2
GRASIM INDUSTRIES LIMITED,corporate,E0126,Grasim Industries Ltd,corporate,grasim industries,as_filed,1
GRASIM INDUSTRIES LTD,corporate,E0126,Grasim Industries Ltd,corporate,grasim industries,as_filed,1
GROUPE CHIMIQUE TUNISIEN,corporate,E0127,GROUPE CHIMIQUE TUNISIEN,corporate,groupe chimique tunisien,as_filed,1
Guttikonda Vara Lakshmi,individual,E0128,Guttikonda Vara Lakshmi,individual,guttikonda vara lakshmi,as_filed,1
GWALIOR WEBBING COMPANY PRIVATE LIMITED,corporate,E0129,GWALIOR WEBBING COMPANY PRIVATE LIMITED,corporate,gwalior webbing,as_filed,1
Harsha Hitesh Javeri,individual,E0130,Harsha Hitesh Javeri,individual,harsha hitesh javeri,as_filed,1
HDFC LARGE AND MID CAP FUND,corporate,E0131,HDFC LARGE AND MID CAP FUND,corporate,hdfc large and mid cap fund,as_filed,2
HDFC LIFE INSURANCE COMPANY LIMITED,corporate,E0132,HDFC LIFE INSURANCE COMPANY LIMITED,corporate,hdfc life insurance,as_filed,1
HDFC Life Insurance Company Limited,corporate,E0132,HDFC LIFE INSURANCE COMPANY LIMITED,corporate,hdfc life insurance,as_filed,1
HDFC MUTUAL FUND - HDFC BSE 500 ETF,corporate,E0133,HDFC MUTUAL FUND - HDFC BSE 500 ETF,corporate,hdfc mutual fund hdfc bse 500 etf,as_filed,1
HDFC MUTUAL FUND - HDFC MID-CAP FUND,corporate,E0134,HDFC MUTUAL FUND - HDFC MID-CAP FUND,corporate,hdfc mutual fund hdfc mid cap fund,as_filed,1
Hdfc Mutual Fund - Hdfc Mid-Cap Fund,corporate,E0134,HDFC MUTUAL FUND - HDFC MID-CAP FUND,corporate,hdfc mutual fund hdfc mid cap fund,as_filed,1
Hdfc Trustee Company Limited -Hdfc Flexi Cap Fund,corporate,E0135,Hdfc Trustee Company Limited -Hdfc Flexi Cap Fund,corporate,hdfc trustee company limited hdfc flexi cap fund,as_filed,1
HDFC TRUSTEE COMPANY LTD A/C (Through Multiple Schemes),corporate,E0136,HDFC TRUSTEE COMPANY LTD A/C,corporate,hdfc trustee,as_filed,1
HDFC Trustee Company Ltd./HDFC Large Cap Fund,corporate,E0137,HDFC Trustee Company Ltd./HDFC Large Cap Fund,corporate,hdfc trustee company ltd hdfc large cap fund,as_filed,1
Hindalco Industries Ltd,corporate,E0138,Hindalco Industries Ltd,corporate,hindalco industries,as_filed,23
Hindalco Industries Limited,corporate,E0138,Hindalco Industries Ltd,corporate,hindalco industries,as_filed,4
HINDALCO INDUSTRIES LIMITED,corporate,E0138,Hindalco Industries Ltd,corporate,hindalco industries,as_filed,2
Hitesh Ramji Javeri,individual,E0139,Hitesh Ramji Javeri,individual,hitesh ramji javeri,as_filed,1
HITESH SATISHCHANDRA DOSHI,individual,E0140,HITESH SATISHCHANDRA DOSHI,individual,hitesh satishchandra doshi,as_filed,1
Hitesh Satishchandra Doshi,individual,E0140,HITESH SATISHCHANDRA DOSHI,individual,hitesh satishchandra doshi,as_filed,1
Hn Safal Infra Developers Private Limited,corporate,E0141,Hn Safal Infra Developers Private Limited,corporate,hn safal infra developers,as_filed,1
Hsbc Mutual Fund - Hsbc Value Fund,corporate,E0142,Hsbc Mutual Fund - Hsbc Value Fund,corporate,hsbc mutual fund hsbc value fund,as_filed,1
Icici Prudential Balanced Advantage Fund,corporate,E0143,Icici Prudential Balanced Advantage Fund,corporate,icici prudential balanced advantage fund,as_filed,2
ICICI PRUDENTIAL BALANCED ADVANTAGE FUND,corporate,E0143,Icici Prudential Balanced Advantage Fund,corporate,icici prudential balanced advantage fund,as_filed,1
ICICI Prudential India Opportunities Fund,corporate,E0144,ICICI Prudential India Opportunities Fund,corporate,icici prudential india opportunities fund,as_filed,1
Icici Prudential India Opportunities Fund,corporate,E0144,ICICI Prudential India Opportunities Fund,corporate,icici prudential india opportunities fund,as_filed,1
Icici Prudential Large & Mid Cap Fund,corporate,E0145,Icici Prudential Large & Mid Cap Fund,corporate,icici prudential large and mid cap fund,as_filed,1
ICICI Prudential Life Insurance Company Limited,corporate,E0146,ICICI Prudential Life Insurance Company Limited,corporate,icici prudential life insurance,as_filed,1
ICICI PRUDENTIAL MUTUAL FUND - ICICI PRUDENTIAL,corporate,E0147,ICICI PRUDENTIAL MUTUAL FUND - ICICI PRUDENTIAL,corporate,icici prudential mutual fund icici prudential,as_filed,1
ICICI PRUDENTIAL MUTUAL FUND A/C (Through Multiple Schemes),corporate,E0148,ICICI PRUDENTIAL MUTUAL FUND A/C,corporate,icici prudential mutual fund,as_filed,1
ICICI Prudential Nifty ETF,corporate,E0149,ICICI Prudential Nifty ETF,corporate,icici prudential nifty etf,as_filed,1
ICICI PRUDENTIAL SENSEX ETF,corporate,E0150,ICICI PRUDENTIAL SENSEX ETF,corporate,icici prudential sensex etf,as_filed,1
Icici Prudential Smallcap Fund,corporate,E0151,Icici Prudential Smallcap Fund,corporate,icici prudential smallcap fund,as_filed,1
Icici Prudential Value Fund,corporate,E0152,Icici Prudential Value Fund,corporate,icici prudential value fund,as_filed,3
ICICI Prudential Value Fund,corporate,E0152,Icici Prudential Value Fund,corporate,icici prudential value fund,as_filed,2
IGFT PRIVATE LIMITED,corporate,E0153,IGFT PRIVATE LIMITED,corporate,igft,as_filed,1
IGH Holdings Private Limited,corporate,E0154,IGH Holdings Private Limited,corporate,igh holdings,as_filed,3
Igh Holdings Private Limited,corporate,E0154,IGH Holdings Private Limited,corporate,igh holdings,as_filed,3
IGH HOLDINGS PRIVATE LIMITED,corporate,E0154,IGH Holdings Private Limited,corporate,igh holdings,as_filed,1
IHOCO B.V.,corporate,E0155,IHOCO B.V,corporate,ihoco,as_filed,1
Imlak Varanasi Developments Private Limited,corporate,E0156,Imlak Varanasi Developments Private Limited,corporate,imlak varanasi developments,as_filed,1
Indian Hotels Company Ltd,corporate,E0157,Indian Hotels Company Ltd,corporate,indian hotels,as_filed,17
THE INDIAN HOTELS COMPANY LIMITED,corporate,E0157,Indian Hotels Company Ltd,corporate,indian hotels,as_filed,1
The Indian Hotels Company Limited,corporate,E0157,Indian Hotels Company Ltd,corporate,indian hotels,as_filed,1
INVESCO INDIA BALANCED ADVANTAGE FUND,corporate,E0158,INVESCO INDIA BALANCED ADVANTAGE FUND,corporate,invesco india balanced advantage fund,as_filed,1
INVESCO INDIA FOCUSED FUND (Through Multiple Schemes),corporate,E0159,INVESCO INDIA FOCUSED FUND,corporate,invesco india focused fund,as_filed,1
Invesco India Focused Fund,corporate,E0159,INVESCO INDIA FOCUSED FUND,corporate,invesco india focused fund,as_filed,1
INVESCO INDIA MIDCAP FUND,corporate,E0160,INVESCO INDIA MIDCAP FUND,corporate,invesco india midcap fund,as_filed,1
INVESTOR EDUCATION & PROTECTION FUND,corporate,E0161,INVESTOR EDUCATION & PROTECTION FUND,corporate,investor education and protection fund,as_filed,1
INVESTOR EDUCATION AND PROTECTION FUND,corporate,E0161,INVESTOR EDUCATION & PROTECTION FUND,corporate,investor education and protection fund,as_filed,1
Investor Educaton and Protection Fund(IEPF),corporate,E0161,INVESTOR EDUCATION & PROTECTION FUND,corporate,investor educaton and protection fund,as_filed,1
Investor Education and Protection Fund Authority,corporate,E0162,Investor Education and Protection Fund Authority,corporate,investor education and protection fund authority,as_filed,1
Investor Education And Protection Fund Authority Ministry Of Corporate Affairs,corporate,E0163,Investor Education And Protection Fund Authority Ministry Of Corporate Affairs,corporate,investor education and protection fund authority ministry of corporate affairs,as_filed,4
J CHAITANYA REDDY,individual,E0164,J CHAITANYA REDDY,individual,j chaitanya reddy,as_filed,1
JAKKA SUREKHA REDDY,individual,E0165,JAKKA SUREKHA REDDY,individual,jakka surekha reddy,as_filed,1
Jay Shree Tea & Industries Ltd,corporate,E0166,Jay Shree Tea & Industries Ltd,corporate,jay shree tea and industries,as_filed,16
JAYASHREE FINVEST PRIVATE LIMITED,corporate,E0167,JAYASHREE FINVEST PRIVATE LIMITED,corporate,jayashree finvest,as_filed,1
JPM MERCHANDISE AGENCIES LIMITED,corporate,E0168,JPM MERCHANDISE AGENCIES LIMITED,corporate,jpm merchandise agencies,as_filed,1
"K S Shambhavi Trust (M V Subbiah & S Vellayan, Trustees holds shares for Trust)",corporate,E0169,K S Shambhavi Trust,corporate,ks shambhavi trust,as_filed,1
Kadamane Estates Company (M A Alagappan hold shares on behalf of the firm),corporate,E0170,Kadamane Estates Company,corporate,kadamane estates,as_filed,1
Kadamane Estates Company (Shares held by M.A.Alagappan in the capacity of Partner in the firm),corporate,E0170,Kadamane Estates Company,corporate,kadamane estates,as_filed,1
M.A.Alagappan (Holds shares in the capacity of Partner of Kadamane Estates - Firm),individual,E0170,Kadamane Estates Company,corporate,kadamane estates,partner_of,1
KANIKA SUBBIAH,individual,E0171,KANIKA SUBBIAH,individual,kanika subbiah,as_filed,2
Kanika Subbiah,individual,E0171,KANIKA SUBBIAH,individual,kanika subbiah,as_filed,1
Kartik Investments Trust Ltd,corporate,E0172,Kartik Investments Trust Ltd,corporate,kartik investments trust,as_filed,23
KIRAN REDDY JAKKA,individual,E0173,KIRAN REDDY JAKKA,individual,kiran reddy jakka,as_filed,1
KLR PRODUCTS LIMITED,corporate,E0174,KLR PRODUCTS LIMITED,corporate,klr products,as_filed,1
Kotak Flexicap Fund,corporate,E0175,Kotak Flexicap Fund,corporate,kotak flexicap fund,as_filed,1
KOTAK FUNDS - INDIA MIDCAP FUND,corporate,E0176,KOTAK FUNDS - INDIA MIDCAP FUND,corporate,kotak funds india midcap fund,as_filed,1
KOTAK MAHINDRA TRUSTEE CO LTD A/C (Through Multiple Schemes),corporate,E0177,KOTAK MAHINDRA TRUSTEE CO LTD A/C,corporate,kotak mahindra trustee,as_filed,1
Kotak Mahindra Trustee Co Ltd A/C Kotak Multicap Fund,corporate,E0178,Kotak Mahindra Trustee Co Ltd A/C Kotak Multicap Fund,corporate,kotak mahindra trustee co ltd ac kotak multicap fund,as_filed,1
KOTAK MAHINDRA TRUSTEE CO LTD A/C KOTAK NIFTY 100,corporate,E0179,KOTAK MAHINDRA TRUSTEE CO LTD A/C KOTAK NIFTY 100,corporate,kotak mahindra trustee co ltd ac kotak nifty 100,as_filed,1
KOTAK MAHINDRA TRUSTEE CO LTD A/C KOTAK NIFTY CHEM,corporate,E0180,KOTAK MAHINDRA TRUSTEE CO LTD A/C KOTAK NIFTY CHEM,corporate,kotak mahindra trustee co ltd ac kotak nifty chem,as_filed,1
KOTAK MAHINDRA TRUSTEE CO LTD A/C KOTAK NIFTY MIDCAP 150 MOMENTUM 50 INDEX FUND,corporate,E0181,KOTAK MAHINDRA TRUSTEE CO LTD A/C KOTAK NIFTY MIDCAP 150 MOMENTUM 50 INDEX FUND,corporate,kotak mahindra trustee co ltd ac kotak nifty midcap 150 momentum 50 index fund,as_filed,1
Kotak Midcap Fund (Various Accounts),corporate,E0182,Kotak Midcap Fund,corporate,kotak midcap fund,as_filed,1
KOTAK SMALL CAP FUND,corporate,E0183,KOTAK SMALL CAP FUND,corporate,kotak small cap fund,as_filed,1
KRISHI RASAYAN EXPORTS PRIVATE LIMITED,corporate,E0184,KRISHI RASAYAN EXPORTS PRIVATE LIMITED,corporate,krishi rasayan exports,as_filed,1
KRISHNA MURUGAPPAN MUTHIAH,individual,E0185,KRISHNA MURUGAPPAN MUTHIAH,individual,krishna murugappan muthiah,as_filed,2
Kumar Mangalam Birla,individual,E0186,Kumar Mangalam Birla,individual,kumar mangalam birla,as_filed,5
KUMAR MANGALAM BIRLA,individual,E0186,Kumar Mangalam Birla,individual,kumar mangalam birla,as_filed,1
MR.KUMARMANGALAM BIRLA,individual,E0186,Kumar Mangalam Birla,individual,kumarmangalam birla,as_filed,1
Shri Kumar Mangalam Birla,individual,E0186,Kumar Mangalam Birla,individual,kumar mangalam birla,as_filed,1
Kunvar Ishan,individual,E0187,Kunvar Ishan,individual,kunvar ishan,as_filed,1
LAKSHMI CHOCKALINGAM,individual,E0188,LAKSHMI CHOCKALINGAM,individual,lakshmi chockalingam,as_filed,3
LAKSHMI CHOCKA LINGAM,individual,E0188,LAKSHMI CHOCKALINGAM,individual,lakshmi chocka lingam,as_filed,2
Lakshmi Chockalingam,individual,E0188,LAKSHMI CHOCKALINGAM,individual,lakshmi chockalingam,as_filed,1
LAKSHMI RAMASWAMY,individual,E0189,LAKSHMI RAMASWAMY,individual,lakshmi ramaswamy,as_filed,1
A A ALAGAMMAI(A A Alagammai & Lakshmi Ramaswamy holds behalf of the Lakshmi Ramaswamy Family Trust),corporate,E0190,Lakshmi Ramaswamy Family Trust,corporate,lakshmi ramaswamy family trust,behalf_of,1
"A A ALAGAMMAI, Trustee of Lakshmi Ramaswamy Family Trust",corporate,E0190,Lakshmi Ramaswamy Family Trust,corporate,lakshmi ramaswamy family trust,trustee_of,1
LAKSHMI RAMASWAMY FAMILY TRUST(AA ALAGAMMAI & LAKSHMI RAMASWAMY HOLDS SHARES ON BEHALF OF TRUST),corporate,E0190,Lakshmi Ramaswamy Family Trust,corporate,lakshmi ramaswamy family trust,as_filed,1
Lakshmi Ramaswamy Family Trust (A A Alagammai & Lakshmi Ramaswamy holds shares on behalf of Trust,corporate,E0190,Lakshmi Ramaswamy Family Trust,corporate,lakshmi ramaswamy family trust,as_filed,1
Lakshmi Ramaswamy Family Trust (A A Alagammai & Lakshmi Ramaswamy holds shares on behalf of Trust),corporate,E0190,Lakshmi Ramaswamy Family Trust,corporate,lakshmi ramaswamy family trust,as_filed,1
Lakshmi Ramaswamy Family Trust(A A Alagammai & Lakshmi Ramaswamy Trustees holds shares for Trust),corporate,E0190,Lakshmi Ramaswamy Family Trust,corporate,lakshmi ramaswamy family trust,as_filed,1
LAKSHMI VENKATACHALAM,individual,E0191,LAKSHMI VENKATACHALAM,individual,lakshmi venkatachalam,as_filed,2
Lakshmi Venkatachalam Family Trust (M M Venkatachalam and Lakshmi Venkatachalam hold shares),corporate,E0192,Lakshmi Venkatachalam Family Trust,corporate,lakshmi venkatachalam family trust,as_filed,1
Lakshmi Venkatachalam Family Trust(M M Venkatachalam&Lakshmi Venkatachalam are trustees of trust),corporate,E0192,Lakshmi Venkatachalam Family Trust,corporate,lakshmi venkatachalam family trust,as_filed,1
Lakshmi Venkatachalam Fly Trust (M M Venkatachalam & Lakshmi Venkatachalam hold behalf of the Trust),corporate,E0192,Lakshmi Venkatachalam Family Trust,corporate,lakshmi venkatachalam family trust,as_filed,1
"M M VENKATACHALAM, Trustee of Lakshmi Venkatachalam Family Trust",corporate,E0192,Lakshmi Venkatachalam Family Trust,corporate,lakshmi venkatachalam family trust,trustee_of,1
LALITHA VELLAYAN,individual,E0193,LALITHA VELLAYAN,individual,lalitha vellayan,as_filed,3
Lalitha Vellayan,individual,E0193,LALITHA VELLAYAN,individual,lalitha vellayan,as_filed,1
Larsin Enterprises Corp,corporate,E0194,Larsin Enterprises Corp,corporate,larsin enterprises,as_filed,1
LATE D SUNDER NISCHAL,individual,E0195,LATE D SUNDER NISCHAL,individual,late d sunder nischal,as_filed,1
LATE DODLA KAMESWARI REDDY,individual,E0196,LATE DODLA KAMESWARI REDDY,individual,late dodla kameswari reddy,as_filed,1
LATE SUDHAKAR REDDY,individual,E0197,LATE SUDHAKAR REDDY,individual,late sudhakar reddy,as_filed,1
LIC of India,corporate,E0198,LIC of India,corporate,lic of india,as_filed,1
LICI MARKET PLUS 1 GROWTH FUND,corporate,E0199,LICI MARKET PLUS 1 GROWTH FUND,corporate,lici market plus 1 growth fund,as_filed,1
LICI NEW ENDOWMENT PLUS-SECURED FUND,corporate,E0200,LICI NEW ENDOWMENT PLUS-SECURED FUND,corporate,lici new endowment plus secured fund,as_filed,1
Life Insurance Corporation Of India,corporate,E0201,Life Insurance Corporation Of India,corporate,life insurance corporation of india,as_filed,9
LIFE INSURANCE CORPORATION OF INDIA,corporate,E0201,Life Insurance Corporation Of India,corporate,life insurance corporation of india,as_filed,3
Life Insurance Corporation of India,corporate,E0201,Life Insurance Corporation Of India,corporate,life insurance corporation of india,as_filed,3
Life Insurance Corporation Of India - P & Gs Fund,corporate,E0202,Life Insurance Corporation Of India - P & Gs Fund,corporate,life insurance corporation of india p and gs fund,as_filed,1
Litton System Inc,corporate,E0203,Litton System Inc,corporate,litton system,as_filed,1
LOK PRAKASHAN,corporate,E0204,LOK PRAKASHAN,corporate,lok prakashan,as_filed,1
ARUN ALAGAPPAN (Arun Alagappan&AA Alagammai holds behalf of MA Alagappan Grand Children Trust),individual,E0205,M A Alagappan Grand Children Trust,corporate,ma alagappan grand children trust,behalf_of,1
ARUN ALAGAPPAN Trustee of M A Alagappan Grandchildren Trust (AOP),individual,E0205,M A Alagappan Grand Children Trust,corporate,ma alagappan grandchildren trust,trustee_of,1
M A Alagappan Grand Children Trust (Arun Alagappan & AA Alagammai hold shares on behalf of Trust),corporate,E0205,M A Alagappan Grand Children Trust,corporate,ma alagappan grand children trust,as_filed,1
M A Alagappan Grand Children Trust (Arun Alagappan& AA Alagammai hold shares on behalf of Trust),corporate,E0205,M A Alagappan Grand Children Trust,corporate,ma alagappan grand children trust,as_filed,1
M.A.Alagappan Grand Children Trust (Arun Alagappan & A A Alagammai holds shares on behalf of Trust),corporate,E0205,M A Alagappan Grand Children Trust,corporate,ma alagappan grand children trust,as_filed,1
"MA.Alagappan Grand Children Trust (Arun Alagappan & AA Alagammai, Trustees holds shares for Trust)",corporate,E0205,M A Alagappan Grand Children Trust,corporate,ma alagappan grand children trust,as_filed,1
M A ALAGAPPAN HOLDINGS PRIVATE LIMITED,corporate,E0206,M A ALAGAPPAN HOLDINGS PRIVATE LIMITED,corporate,ma alagappan holdings,as_filed,5
M A Alagappan Holdings Private Limited,corporate,E0206,M A ALAGAPPAN HOLDINGS PRIVATE LIMITED,corporate,ma alagappan holdings,as_filed,2
M A ALAGAPPAN - As Karta of M A Alagappan HUF,individual,E0207,M A ALAGAPPAN HUF,individual,ma alagappan huf,karta_of,1
M A ALAGAPPAN HUF(M A Alagappan hold shares in the capacity as kartha ),individual,E0207,M A ALAGAPPAN HUF,individual,ma alagappan huf,huf,1
M A ALAGAPPAN Karta of M A ALAGAPPAN HUF,individual,E0207,M A ALAGAPPAN HUF,individual,ma alagappan huf,karta_of,1
M A M ARUNACHALAM,individual,E0208,M A M ARUNACHALAM,individual,mam arunachalam,as_filed,7
M A M Arunachalam,individual,E0208,M A M ARUNACHALAM,individual,mam arunachalam,as_filed,1
M A M ARUNACHALAM (in the capacity as Kartha of HUF),individual,E0209,M A M ARUNACHALAM HUF,individual,mam arunachalam huf,karta_capacity,1
M A M ARUNACHALAM (in the capacity of Karta of HUF),individual,E0209,M A M ARUNACHALAM HUF,individual,mam arunachalam huf,karta_capacity,1
M A M Arunachalam HUF (M A M Arunachalam is the Karta of HUF),individual,E0209,M A M ARUNACHALAM HUF,individual,mam arunachalam huf,huf,1
M A MURUGAPPAN HOLDINGS LLP,corporate,E0210,M A MURUGAPPAN HOLDINGS LLP,corporate,ma murugappan holdings,as_filed,2
M A MURUGAPPAN HOLDINGS LLP (Formerly M A MURUGAPPAN HOLDINGS PVT LTD),corporate,E0210,M A MURUGAPPAN HOLDINGS LLP,corporate,ma murugappan holdings,as_filed,1
"M A MURUGAPPAN HOLDINGS LLP (Formerly, M A Murugappan Holdings Private Limited)",corporate,E0210,M A MURUGAPPAN HOLDINGS LLP,corporate,ma murugappan holdings,as_filed,1
"M A MURUGAPPAN HOLDINGS LLP (Formerly, M A Murugappan Holdings Pvt. Ltd).",corporate,E0210,M A MURUGAPPAN HOLDINGS LLP,corporate,ma murugappan holdings,as_filed,1
M A Murugappan Holdings LLP,corporate,E0210,M A MURUGAPPAN HOLDINGS LLP,corporate,ma murugappan holdings,as_filed,1
M.A. Murugappan Holdings LLP,corporate,E0210,M A MURUGAPPAN HOLDINGS LLP,corporate,ma murugappan holdings,as_filed,1
MA Murugappan Holdings LLP (M A Murugappan Holdings Private Ltd was converted its status to LLP),corporate,E0210,M A MURUGAPPAN HOLDINGS LLP,corporate,ma murugappan holdings,as_filed,1
M A M ARUNACHALAM - As Karta of M A Murugappan HUF,individual,E0211,M A Murugappan HUF,individual,ma murugappan huf,karta_of,1
M A M ARUNACHALAM As a karta of M A Murugappan HUF,individual,E0211,M A Murugappan HUF,individual,ma murugappan huf,karta_of,1
"M A Murugappan HUF rep. by M A M Arunachalam, Karta",individual,E0211,M A Murugappan HUF,individual,ma murugappan huf,huf,1
M KALA REDDY,individual,E0212,M KALA REDDY,individual,m kala reddy,as_filed,1
M M MURUGAPPAN,individual,E0213,M M MURUGAPPAN,individual,mm murugappan,as_filed,5
M M Murugappan,individual,E0213,M M MURUGAPPAN,individual,mm murugappan,as_filed,1
M M Murugappan Family Trust (M M Murugappan & Meenakshi Murugappan Trustees holds shares forTrust,corporate,E0214,M M Murugappan Family Trust,corporate,mm murugappan family trust,as_filed,1
M M Murugappan Family Trust (M M Murugappan & Meenakshi Murugappan are trustees of the trust),corporate,E0214,M M Murugappan Family Trust,corporate,mm murugappan family trust,as_filed,1
M M Murugappan Family Trust (M M Murugappan & Meenakshi Murugappan hold shares on behalf of Trust),corporate,E0214,M M Murugappan Family Trust,corporate,mm murugappan family trust,as_filed,1
M M Murugappan Family Trust (M M Murugappan and Meenakshi Murugappan hold shares),corporate,E0214,M M Murugappan Family Trust,corporate,mm murugappan family trust,as_filed,1
M M Murugappan Fly Trust (M M Murugappan & Meenakshi Murugappan hold shares on behalf of the Trust),corporate,E0214,M M Murugappan Family Trust,corporate,mm murugappan family trust,as_filed,1
M M MURUGAPPAN - As Karta of M M Murugappan HUF,individual,E0215,M M MURUGAPPAN HUF,individual,mm murugappan huf,karta_of,1
M M MURUGAPPAN HUF (Karta - M M MURUGAPPAN),individual,E0215,M M MURUGAPPAN HUF,individual,mm murugappan huf,huf,1
M M MURUGAPPAN HUF(M M Murugappan holds shares in the capacity as kartha),individual,E0215,M M MURUGAPPAN HUF,individual,mm murugappan huf,huf,1
M M MURUGAPPAN Karta of M M Murugappan HUF,individual,E0215,M M MURUGAPPAN HUF,individual,mm murugappan huf,karta_of,1
M M MURUGAPPAN (M M Murugappan & M M Muthiah holds shares on behalf of M M Muthiah Family Trust),corporate,E0216,M M Muthiah Family Trust,corporate,mm muthiah family trust,behalf_of,1
"M M MURUGAPPAN, Trustee of M M Muthiah Family Trust",corporate,E0216,M M Muthiah Family Trust,corporate,mm muthiah family trust,trustee_of,1
M M MUTHIAH FAMILY TRUST (M M MURUGAPPAN & M M MUTHIAH HOLDS SHARES ON BEHALF OF THE TRUST),corporate,E0216,M M Muthiah Family Trust,corporate,mm muthiah family trust,as_filed,1
M M Muthiah Family Trust (M M Murugappan & M M Muthiah holds shares on behalf of Trust),corporate,E0216,M M Muthiah Family Trust,corporate,mm muthiah family trust,as_filed,1
"M M Muthiah Family Trust (M M Murugappan, M M Muthiah, Trustees holds shares for Trust)",corporate,E0216,M M Muthiah Family Trust,corporate,mm muthiah family trust,as_filed,1
M M Muthiah Family Trust(M M Murugappan & M M Muthiah holds shares on behalf of Trust),corporate,E0216,M M Muthiah Family Trust,corporate,mm muthiah family trust,as_filed,1
M M MURUGAPPAN - As Karta of M M Muthiah HUF,individual,E0217,M M Muthiah HUF,individual,mm muthiah huf,karta_of,1
M M MURUGAPPAN As a karta of M M Muthiah HUF,individual,E0217,M M Muthiah HUF,individual,mm muthiah huf,karta_of,1
M M Muthiah HUF (M M Murugappan hold shares in the capacity as kartha),individual,E0217,M M Muthiah HUF,individual,mm muthiah huf,huf,1
M M MURUGAPPAN (M M Murugappan & Meenakshi Murugappan holds on behalf of M M Veerappan Family Trust),corporate,E0218,M M Veerappan Family Trust,corporate,mm veerappan family trust,behalf_of,1
"M M MURUGAPPAN, Trustee of M M Veerappan Family Trust",corporate,E0218,M M Veerappan Family Trust,corporate,mm veerappan family trust,trustee_of,1
M M Veerappan Family Trust (M M Murugappan & Meenakshi Murugappan Trustees holds shares for Trust),corporate,E0218,M M Veerappan Family Trust,corporate,mm veerappan family trust,as_filed,1
M M Veerappan Family Trust (M M Murugappan & Meenakshi Murugappan holds shares on behalf of Trust),corporate,E0218,M M Veerappan Family Trust,corporate,mm veerappan family trust,as_filed,1
M M Veerappan Family Trust - M M Murugappan & Meenkashi Murugappan holds shares on behalf of Trust,corporate,E0218,M M Veerappan Family Trust,corporate,mm veerappan family trust,as_filed,1
MM VEERAPPAN FAMILY TRUST(MM MURUGAPPAN & MEENAKSHI MURUGAPPAN HOLDS SHARES ON BEHALF OF THE TRUST),corporate,E0218,M M Veerappan Family Trust,corporate,mm veerappan family trust,as_filed,1
M M VENKATACHALAM,individual,E0219,M M VENKATACHALAM,individual,mm venkatachalam,as_filed,2
"M M VENKATACHALAM, trustee of M M Venkatachalam Family Trust",corporate,E0220,M M Venkatachalam Family Trust,corporate,mm venkatachalam family trust,trustee_of,1
M M Venkatachalam Family Trust (M M Venkatachalam and Lakshmi Venkatachalam hold shares),corporate,E0220,M M Venkatachalam Family Trust,corporate,mm venkatachalam family trust,as_filed,1
"M M Venkatachalam Family Trust, (M M Venkatachalam & Lakshmi Venkatachalam are Trustees)",corporate,E0220,M M Venkatachalam Family Trust,corporate,mm venkatachalam family trust,as_filed,1
M M Venkatachalam Fly Trust (M M Venkatachalam & Lakshmi Venkatachalam hold behalf of the Trust),corporate,E0220,M M Venkatachalam Family Trust,corporate,mm venkatachalam family trust,as_filed,1
MM Venkatachalam Family Trust(MM Venkatachalam&Lakshmi Venkatachalam hold shares on behalf oftrust),corporate,E0220,M M Venkatachalam Family Trust,corporate,mm venkatachalam family trust,as_filed,1
M M VENKATACHALAM (M M Venkatachalam & M V Muthiah holds on behalf of M V Muthiah Family Trust),corporate,E0221,M V Muthiah Family Trust,corporate,mv muthiah family trust,behalf_of,1
"M M VENKATACHALAM, Trustee of M V Muthiah Family Trust",corporate,E0221,M V Muthiah Family Trust,corporate,mv muthiah family trust,trustee_of,1
M V Muthiah Family Trust (M M Venkatachalam & M V Muthiah holds shares on behalf of Trust),corporate,E0221,M V Muthiah Family Trust,corporate,mv muthiah family trust,as_filed,1
"M V Muthiah Family Trust (M M Venkatachalam & M V Muthiah, Trustees holds shares for Trust)",corporate,E0221,M V Muthiah Family Trust,corporate,mv muthiah family trust,as_filed,1
M V Muthiah Family Trust (M M Venkatachalam and M V Muthiah hold shares on behalf of Trust),corporate,E0221,M V Muthiah Family Trust,corporate,mv muthiah family trust,as_filed,1
MV MUTHIAH FAMILY TRUST (M M VENKATACHALAM & M V MUTHIAH HOLDS SHARES ON BEHALF OF THE TRUST,corporate,E0221,M V Muthiah Family Trust,corporate,mv muthiah family trust,as_filed,1
M V SEETHA SUBBIAH,individual,E0222,M V SEETHA SUBBIAH,individual,mv seetha subbiah,as_filed,1
"M V Seetha Subbiah Benefit Trust (M V Subbiah & S Vellayan, Trustees holds shares for Trust)",corporate,E0223,M V Seetha Subbiah Benefit Trust,corporate,mv seetha subbiah benefit trust,as_filed,1
M V Seetha Subbiah Benefit Trust (M V Subbiah & Subbiah Vellayan holds shares on behalf of Trust),corporate,E0223,M V Seetha Subbiah Benefit Trust,corporate,mv seetha subbiah benefit trust,as_filed,1
M V Seetha Subbiah Benefit Trust (M V Subbiah & Subbiah Vellayan holds shares),corporate,E0223,M V Seetha Subbiah Benefit Trust,corporate,mv seetha subbiah benefit trust,as_filed,1
M V Seetha Subbiah Benefit trust (M.V.Subbiah & S Vellayan hold shares on behalf of the Trust),corporate,E0223,M V Seetha Subbiah Benefit Trust,corporate,mv seetha subbiah benefit trust,as_filed,1
M V SUBBIAH,individual,E0224,M V SUBBIAH,individual,mv subbiah,as_filed,2
M V SUBBIAH (Hold shares in the capacity as Kartha of HUF),individual,E0225,M V SUBBIAH HUF,individual,mv subbiah huf,karta_capacity,1
M V SUBBIAH (in the capacity of Karta in HUF),individual,E0225,M V SUBBIAH HUF,individual,mv subbiah huf,karta_capacity,1
M V SUBBIAH - As Karta of MV Subbiah HUF,individual,E0225,M V SUBBIAH HUF,individual,mv subbiah huf,karta_of,1
M V SUBBIAH As a Karta of M V SUBBIAH HUF,individual,E0225,M V SUBBIAH HUF,individual,mv subbiah huf,karta_of,1
M V Subbiah HUF (M V Subbiah holds shares in the capacity of Karta),individual,E0225,M V SUBBIAH HUF,individual,mv subbiah huf,huf,1
M M VENKATACHALAM(M M Venkatachalam & M V Subramanian holds behalf of M V Subramanian Family Trust),corporate,E0226,M V Subramanian Family Trust,corporate,mv subramanian family trust,behalf_of,1
"M M VENKATACHALAM, Trustee of M V Subramanian Family Trust",corporate,E0226,M V Subramanian Family Trust,corporate,mv subramanian family trust,trustee_of,1
M V Subramanian Family Trust (M M Venkatachalam & M V Subramanian hold shares on behalf of Trust),corporate,E0226,M V Subramanian Family Trust,corporate,mv subramanian family trust,as_filed,1
"M V Subramanian Family Trust (M M Venkatachalam & M V Subramanian, Trustees holds shares for Trust)",corporate,E0226,M V Subramanian Family Trust,corporate,mv subramanian family trust,as_filed,1
M V Subramanian Family Trust - M M Venkatachalam and M V Subramanian holds shares,corporate,E0226,M V Subramanian Family Trust,corporate,mv subramanian family trust,as_filed,1
MV SUBRAMANIAN FAMILY TRUST (Mr. MM Venkatachalam & MV Subramanian hold shares on behalf of trust),corporate,E0226,M V Subramanian Family Trust,corporate,mv subramanian family trust,as_filed,1
M V SURESHREDDY,individual,E0227,M V SURESHREDDY,individual,mv sureshreddy,as_filed,1
M.A.ALAGAPPAN,individual,E0228,M.A.ALAGAPPAN,individual,ma alagappan,as_filed,8
M.A.Alagappan,individual,E0228,M.A.ALAGAPPAN,individual,ma alagappan,as_filed,1
M.M.MUTHIAH RESEARCH FOUNDATION,corporate,E0229,M.M.MUTHIAH RESEARCH FOUNDATION,corporate,mm muthiah research foundation,as_filed,4
M.M.Muthiah Research Foundation,corporate,E0229,M.M.MUTHIAH RESEARCH FOUNDATION,corporate,mm muthiah research foundation,as_filed,1
M.M.MUTHIAH SONS PRIVATE LTD,corporate,E0230,M.M.MUTHIAH SONS PRIVATE LTD,corporate,mm muthiah sons,as_filed,4
M.M. Muthiah Sons Private Limited,corporate,E0230,M.M.MUTHIAH SONS PRIVATE LTD,corporate,mm muthiah sons,as_filed,1
Maharaj Kumari Hari Priya,individual,E0231,Maharaj Kumari Hari Priya,individual,maharaj kumari hari priya,as_filed,1
Maharaj Kumari Vishnupriya,individual,E0232,Maharaj Kumari Vishnupriya,individual,maharaj kumari vishnupriya,as_filed,1
Maharaja Kumari Krishna Priya,individual,E0233,Maharaja Kumari Krishna Priya,individual,maharaja kumari krishna priya,as_filed,1
Malingos International Holdings Limited,corporate,E0234,Malingos International Holdings Limited,corporate,malingos international holdings,as_filed,1
MEENAKSHI MURUGAPPAN,individual,E0235,MEENAKSHI MURUGAPPAN,individual,meenakshi murugappan,as_filed,4
Meenakshi Murugappan,individual,E0235,MEENAKSHI MURUGAPPAN,individual,meenakshi murugappan,as_filed,1
Meenakshi Murugappan Family Trust (M M Murugappan & Meenakshi Murugappan are trustees of the trust),corporate,E0236,Meenakshi Murugappan Family Trust,corporate,meenakshi murugappan family trust,as_filed,1
"Meenakshi Murugappan Family Trust (M M Murugappan & Meenakshi Murugappan, Trustees for Trust)",corporate,E0236,Meenakshi Murugappan Family Trust,corporate,meenakshi murugappan family trust,as_filed,1
Meenakshi Murugappan Family Trust (M M Murugappan and Meenakshi Murugappan hold shares),corporate,E0236,Meenakshi Murugappan Family Trust,corporate,meenakshi murugappan family trust,as_filed,1
Meenakshi Murugappan Fly Trust (M M Murugappan & Meenakshi Murugappan hold behalf of the Trust),corporate,E0236,Meenakshi Murugappan Family Trust,corporate,meenakshi murugappan family trust,as_filed,1
MEYYAMMAI VENKATACHALAM,individual,E0237,MEYYAMMAI VENKATACHALAM,individual,meyyammai venkatachalam,as_filed,5
Meyyammai Venkatachalam,individual,E0237,MEYYAMMAI VENKATACHALAM,individual,meyyammai venkatachalam,as_filed,1
Mirae Asset Large & Midcap Fund,corporate,E0238,Mirae Asset Large & Midcap Fund,corporate,mirae asset large and midcap fund,as_filed,1
MOBILVEST,corporate,E0239,MOBILVEST,corporate,mobilvest,as_filed,1
"Morgan Guaranty Trust Company Of New York, Asdepositary",corporate,E0240,"Morgan Guaranty Trust Company Of New York, Asdepositary",corporate,morgan guaranty trust company of new york asdepositary,as_filed,1
MOTILAL OSWAL LARGE AND MIDCAP FUND,corporate,E0241,MOTILAL OSWAL LARGE AND MIDCAP FUND,corporate,motilal oswal large and midcap fund,as_filed,1
MOTILAL OSWAL NIFTY 200 MOMENTUM 30 INDEX FUND,corporate,E0242,MOTILAL OSWAL NIFTY 200 MOMENTUM 30 INDEX FUND,corporate,motilal oswal nifty 200 momentum 30 index fund,as_filed,1
MOTILAL OSWAL NIFTY MIDCAP 100 ETF,corporate,E0243,MOTILAL OSWAL NIFTY MIDCAP 100 ETF,corporate,motilal oswal nifty midcap 100 etf,as_filed,1
MR.VIKAS NAVNIT GANDHI,individual,E0244,MR.VIKAS NAVNIT GANDHI,individual,vikas navnit gandhi,as_filed,1
MR.VIKASH KANDOI,individual,E0245,MR.VIKASH KANDOI,individual,vikash kandoi,as_filed,1
MRS.JAYASHREE MOHTA,individual,E0246,MRS.JAYASHREE MOHTA,individual,jayashree mohta,as_filed,1
"Murugappa & Sons (M.V.SUBBIAH, M A Alagappan and M M Murugappan are the partners of the Firm)",corporate,E0247,Murugappa & Sons,corporate,murugappa and sons,as_filed,1
"Murugappa & Sons (M.V.Subbiah, M A A and M M M hold shares on behalf of the Firm)",corporate,E0247,Murugappa & Sons,corporate,murugappa and sons,as_filed,1
"SUBBIAH.M.V, ALAGAPPAN M A and M M MURUGAPPAN holds on behalf of the firm Murugappa & Sons",corporate,E0247,Murugappa & Sons,corporate,murugappa and sons,behalf_of,1
MURUGAPPA EDUCATIONAL AND MEDICAL FOUNDATION,corporate,E0248,MURUGAPPA EDUCATIONAL AND MEDICAL FOUNDATION,corporate,murugappa educational and medical foundation,as_filed,4
Murugappa Educational and Medical Foundation,corporate,E0248,MURUGAPPA EDUCATIONAL AND MEDICAL FOUNDATION,corporate,murugappa educational and medical foundation,as_filed,1
"MurugappanArunachalamChildrenTrust(SigappiArunachalam,MAMArunachalam&AM MeyyammaiareTrustees)",corporate,E0249,Murugappan Arunachalam Children Trust,corporate,murugappanarunachalamchildrentrust,as_filed,2
Murugappan Arunachalam Children Trust (Sigapi Arunachalam alongwith others hold shares of Trust),corporate,E0249,Murugappan Arunachalam Children Trust,corporate,murugappan arunachalam children trust,as_filed,1
"Murugappan Arunachalam Children Trust (Sigapi Arunachalam, MAM Arunachalam and AM Meyyammai hold shares on behalf of trust)",corporate,E0249,Murugappan Arunachalam Children Trust,corporate,murugappan arunachalam children trust,as_filed,1
"Murugappan Arunachalam Children Trust(Sigappi Arunachalam,MAM Arunachalam, AM Meyammai are Trustees",corporate,E0249,Murugappan Arunachalam Children Trust,corporate,murugappan arunachalam children trust,as_filed,1
Sigapi Arunacham (with MAM Arunachalam&AM Meyyammai behalf of Murugappan Arunachalam Chldren Trust),corporate,E0249,Murugappan Arunachalam Children Trust,corporate,murugappan arunachalam chldren trust,behalf_of,1
Muthatha Ramanathan,individual,E0250,Muthatha Ramanathan,individual,muthatha ramanathan,as_filed,1
Muthatha Ramanathan (Legal heir of Late UMAYAL.R),individual,E0250,Muthatha Ramanathan,individual,muthatha ramanathan,as_filed,1
NACL Industries Ltd,corporate,E0251,NACL Industries Ltd,corporate,nacl industries,as_filed,13
Nahar Retail Trading Services Limited,corporate,E0252,Nahar Retail Trading Services Limited,corporate,nahar retail trading services,as_filed,1
National Insurance Company Ltd,corporate,E0253,National Insurance Company Ltd,corporate,national insurance,as_filed,1
Neerja Birla,individual,E0254,Neerja Birla,individual,neerja birla,as_filed,4
NEERJA BIRLA,individual,E0254,Neerja Birla,individual,neerja birla,as_filed,1
Smt. Neerja Birla,individual,E0254,Neerja Birla,individual,neerja birla,as_filed,1
NEETHA REDDY,individual,E0255,NEETHA REDDY,individual,neetha reddy,as_filed,1
Nelco Ltd,corporate,E0256,Nelco Ltd,corporate,nelco,as_filed,6
Nimesh Sumatilal,individual,E0257,Nimesh Sumatilal,individual,nimesh sumatilal,as_filed,1
Nippon Life India Trustee Ltd (Various Accounts),corporate,E0258,Nippon Life India Trustee Ltd,corporate,nippon life india trustee,as_filed,1
Nippon Life India Trustee Ltd-A/C Nippon India Large Cap Fund,corporate,E0259,Nippon Life India Trustee Ltd-A/C Nippon India Large Cap Fund,corporate,nippon life india trustee ltd ac nippon india large cap fund,as_filed,2
NIPPON LIFE INDIA TRUSTEE LTD-A/C NIPPON INDIA MULTI CAP FUND,corporate,E0260,NIPPON LIFE INDIA TRUSTEE LTD-A/C NIPPON INDIA MULTI CAP FUND,corporate,nippon life india trustee ltd ac nippon india multi cap fund,as_filed,2
NIPPON LIFE INDIA TRUSTEE LTD-A/C NIPPON INDIA MUL,corporate,E0260,NIPPON LIFE INDIA TRUSTEE LTD-A/C NIPPON INDIA MULTI CAP FUND,corporate,nippon life india trustee ltd ac nippon india mul,as_filed,1
Nippon Life India Trustee Ltd-A/C Nippon India Multi Cap Fund,corporate,E0260,NIPPON LIFE INDIA TRUSTEE LTD-A/C NIPPON INDIA MULTI CAP FUND,corporate,nippon life india trustee ltd ac nippon india multi cap fund,as_filed,1
NIPPON LIFE INDIA TRUSTEE LTD-A/C NIPPON INDIA NIF,corporate,E0261,NIPPON LIFE INDIA TRUSTEE LTD-A/C NIPPON INDIA NIF,corporate,nippon life india trustee ltd ac nippon india nif,as_filed,2
Nippon Life India Trustee Ltd-A/C Nippon India Small Cap Fund,corporate,E0262,Nippon Life India Trustee Ltd-A/C Nippon India Small Cap Fund,corporate,nippon life india trustee ltd ac nippon india small cap fund,as_filed,3
NIRANTHARA ALAMELU JAWAHAR,individual,E0263,NIRANTHARA ALAMELU JAWAHAR,individual,niranthara alamelu jawahar,as_filed,1
Northern India Hotels Limited,corporate,E0264,Northern India Hotels Limited,corporate,northern india hotels,as_filed,1
NPS TRUST A/C (Through Multiple Schemes),corporate,E0265,NPS TRUST A/C,corporate,nps trust,as_filed,1
NPS TRUST- A/C,corporate,E0265,NPS TRUST A/C,corporate,nps trust,as_filed,1
NPS TRUST A/C UTI PENSION FUND LIMITED-SCHEME CENT,corporate,E0266,NPS TRUST A/C UTI PENSION FUND LIMITED-SCHEME CENT,corporate,nps trust ac uti pension fund limited scheme cent,as_filed,2
Nps Trust A/C Uti Pension Fund Limited-Scheme State Govt,corporate,E0267,Nps Trust A/C Uti Pension Fund Limited-Scheme State Govt,corporate,nps trust ac uti pension fund limited scheme state govt,as_filed,3
NPS Trust A/c UTI Pension Fund Limited-Scheme Stat,corporate,E0267,Nps Trust A/C Uti Pension Fund Limited-Scheme State Govt,corporate,nps trust ac uti pension fund limited scheme stat,as_filed,1
NPS TRUST- A/C HDFC PENSION FUND MANAGEMENT LIMITE,corporate,E0268,NPS TRUST- A/C HDFC PENSION FUND MANAGEMENT LIMITE,corporate,nps trust ac hdfc pension fund management limite,as_filed,1
Nps Trust- A/C Lic Pension Fund Scheme - State Govt,corporate,E0269,Nps Trust- A/C Lic Pension Fund Scheme - State Govt,corporate,nps trust ac lic pension fund scheme state govt,as_filed,1
NPS TRUST- A/C SBI PENSION FUND SCHEME - STATE GOVT,corporate,E0270,NPS TRUST- A/C SBI PENSION FUND SCHEME - STATE GOVT,corporate,nps trust ac sbi pension fund scheme state govt,as_filed,2
NPS Trust- A/C SBI Pension Fund Scheme - State Govt,corporate,E0270,NPS TRUST- A/C SBI PENSION FUND SCHEME - STATE GOVT,corporate,nps trust ac sbi pension fund scheme state govt,as_filed,1
Nps Trust- A/C Sbi Pension Fund Scheme - State Govt,corporate,E0270,NPS TRUST- A/C SBI PENSION FUND SCHEME - STATE GOVT,corporate,nps trust ac sbi pension fund scheme state govt,as_filed,1
O.P.J Financial Services (P) Ltd.,corporate,E0271,O.P.J Financial Services (P) Ltd,corporate,opj financial services p,as_filed,1
OMEGA TELECOM HOLDINGS PRIVATE LIMITED,corporate,E0272,OMEGA TELECOM HOLDINGS PRIVATE LIMITED,corporate,omega telecom holdings,as_filed,1
ORIANA INVESTMENTS PTE LTD,corporate,E0273,ORIANA INVESTMENTS PTE LTD,corporate,oriana investments,as_filed,1
Oriental Hotels Ltd,corporate,E0274,Oriental Hotels Ltd,corporate,oriental hotels,as_filed,50
ORIENTAL HOTELS LIMITED,corporate,E0274,Oriental Hotels Ltd,corporate,oriental hotels,as_filed,1
Oriental Hotels Limited,corporate,E0274,Oriental Hotels Ltd,corporate,oriental hotels,as_filed,1
P T Elegant Textile Industry,corporate,E0275,P T Elegant Textile Industry,corporate,pt elegant textile industry,as_filed,1
P T elegant Textile Industry,corporate,E0275,P T Elegant Textile Industry,corporate,pt elegant textile industry,as_filed,1
PT Elegant Textile Industry,corporate,E0275,P T Elegant Textile Industry,corporate,pt elegant textile industry,as_filed,1
PT. Elegant Textile Industry,corporate,E0275,P T Elegant Textile Industry,corporate,pt elegant textile industry,as_filed,1
P T Sunrise Bumi Textiles,corporate,E0276,P T Sunrise Bumi Textiles,corporate,pt sunrise bumi textiles,as_filed,3
PT. Sunrise Bumi Textiles,corporate,E0276,P T Sunrise Bumi Textiles,corporate,pt sunrise bumi textiles,as_filed,1
P. SHOBA REDDY,individual,E0277,P. SHOBA REDDY,individual,p shoba reddy,as_filed,1
P.T. Indo Bharat Rayon,corporate,E0278,P.T. Indo Bharat Rayon,corporate,pt indo bharat rayon,as_filed,2
PT Indo Bharat Rayon,corporate,E0278,P.T. Indo Bharat Rayon,corporate,pt indo bharat rayon,as_filed,1
PT. Indo Bharat Rayon,corporate,E0278,P.T. Indo Bharat Rayon,corporate,pt indo bharat rayon,as_filed,1
Pacific Assets Trust PLC,corporate,E0279,Pacific Assets Trust PLC,corporate,pacific assets trust,as_filed,1
Padmavati Investment Private Limited,corporate,E0280,Padmavati Investment Private Limited,corporate,padmavati investment,as_filed,3
PADMAVATI INVESTMENT PRIVATE LIMITED,corporate,E0280,Padmavati Investment Private Limited,corporate,padmavati investment,as_filed,1
Panatone Finvest Limited,corporate,E0281,Panatone Finvest Limited,corporate,panatone finvest,as_filed,3
Pankaj Rakyan,individual,E0282,Pankaj Rakyan,individual,pankaj rakyan,as_filed,1
PARAG PARIKH FLEXI CAP FUND,corporate,E0283,PARAG PARIKH FLEXI CAP FUND,corporate,parag parikh flexi cap fund,as_filed,1
PARRY ENTERPRISES INDIA LTD,corporate,E0284,PARRY ENTERPRISES INDIA LTD,corporate,parry enterprises india,as_filed,1
Parry Enterprises India Ltd,corporate,E0284,PARRY ENTERPRISES INDIA LTD,corporate,parry enterprises india,as_filed,1
Patrick Raymon Mcgoldrick,individual,E0285,Patrick Raymon Mcgoldrick,individual,patrick raymon mcgoldrick,as_filed,1
Peanence Commercial Pvt Limited,corporate,E0286,Peanence Commercial Pvt Limited,corporate,peanence commercial,as_filed,2
PEDDINENIKALVA VIDYAREDDY,individual,E0287,PEDDINENIKALVA VIDYAREDDY,individual,peddinenikalva vidyareddy,as_filed,1
PI OPPORTUNITIES AIF V LLP,corporate,E0288,PI OPPORTUNITIES AIF V LLP,corporate,pi opportunities aif v,as_filed,1
PI OPPORTUNITIES FUND I,corporate,E0289,PI OPPORTUNITIES FUND I,corporate,pi opportunities fund i,as_filed,1
Piem Hotels Limited,corporate,E0290,Piem Hotels Limited,corporate,piem hotels,as_filed,2
PIEM HOTELS LIMITED,corporate,E0290,Piem Hotels Limited,corporate,piem hotels,as_filed,1
PIEM INTERNATIONAL (H.K.) LIMITED,corporate,E0291,PIEM INTERNATIONAL (H.K.) LIMITED,corporate,piem international hk,as_filed,1
Pilani Investment and Industries Corporation Ltd,corporate,E0292,Pilani Investment and Industries Corporation Ltd,corporate,pilani investment and industries,as_filed,7
Pilani Investment And Industries,corporate,E0292,Pilani Investment and Industries Corporation Ltd,corporate,pilani investment and industries,as_filed,4
PILANI INVESTMENT AND INDUSTRIES CORPORATION LIMITED,corporate,E0292,Pilani Investment and Industries Corporation Ltd,corporate,pilani investment and industries,as_filed,2
Pilani Investment and Industries Corporation Limited,corporate,E0292,Pilani Investment and Industries Corporation Ltd,corporate,pilani investment and industries,as_filed,2
PILANI INVESTMENT AND INDUSTRIES,corporate,E0292,Pilani Investment and Industries Corporation Ltd,corporate,pilani investment and industries,as_filed,1
Pilani Investment and Industries,corporate,E0292,Pilani Investment and Industries Corporation Ltd,corporate,pilani investment and industries,as_filed,1
Pradyumn Narain Singh,individual,E0293,Pradyumn Narain Singh,individual,pradyumn narain singh,as_filed,1
PRAKASH EDUCATIONAL SOCIETY,corporate,E0294,PRAKASH EDUCATIONAL SOCIETY,corporate,prakash educational society,as_filed,2
Prakash Educational Society,corporate,E0294,PRAKASH EDUCATIONAL SOCIETY,corporate,prakash educational society,as_filed,2
PRAMOD RANJAN,individual,E0295,PRAMOD RANJAN,individual,pramod ranjan,as_filed,1
PRANAV ALAGAPPAN,individual,E0296,PRANAV ALAGAPPAN,individual,pranav alagappan,as_filed,5
Pranav Alagappan,individual,E0296,PRANAV ALAGAPPAN,individual,pranav alagappan,as_filed,1
PRAVIN RANJAN,individual,E0297,PRAVIN RANJAN,individual,pravin ranjan,as_filed,1
PRESCIENT WEALTH MANAGEMENT PRIVATE LIMITED,corporate,E0298,PRESCIENT WEALTH MANAGEMENT PRIVATE LIMITED,corporate,prescient wealth management,as_filed,1
PRIME METALS LTD,corporate,E0299,PRIME METALS LTD,corporate,prime metals,as_filed,1
Quadrature Capital Vector Sp Limited,corporate,E0300,Quadrature Capital Vector Sp Limited,corporate,quadrature capital vector sp,as_filed,1
Quant Mutual Fund - Quant Mid Cap Fund,corporate,E0301,Quant Mutual Fund - Quant Mid Cap Fund,corporate,quant mutual fund quant mid cap fund,as_filed,1
Quant Mutual Fund - Quant Multi Cap Fund,corporate,E0302,Quant Mutual Fund - Quant Multi Cap Fund,corporate,quant mutual fund quant multi cap fund,as_filed,1
Quant Mutual Fund - Quant Small Cap Fund,corporate,E0303,Quant Mutual Fund - Quant Small Cap Fund,corporate,quant mutual fund quant small cap fund,as_filed,2
QUANT MUTUAL FUND - QUANT SMALL CAP FUND,corporate,E0303,Quant Mutual Fund - Quant Small Cap Fund,corporate,quant mutual fund quant small cap fund,as_filed,1
R.MUTHATHA,individual,E0304,R.MUTHATHA,individual,r muthatha,as_filed,2
R.Muthatha,individual,E0304,R.MUTHATHA,individual,r muthatha,as_filed,2
Rachna Credit Capital Private Limited,corporate,E0305,Rachna Credit Capital Private Limited,corporate,rachna credit capital,as_filed,1
Raghubirsingh R Gohil,individual,E0306,Raghubirsingh R Gohil,individual,raghubirsingh r gohil,as_filed,1
Rajashree Birla,individual,E0307,Rajashree Birla,individual,rajashree birla,as_filed,5
RAJASHREE BIRLA,individual,E0307,Rajashree Birla,individual,rajashree birla,as_filed,1
Smt. Rajashree Birla,individual,E0307,Rajashree Birla,individual,rajashree birla,as_filed,1
RAJESH KUMAR AGARWAL,individual,E0308,RAJESH KUMAR AGARWAL,individual,rajesh kumar agarwal,as_filed,1
RAJRATNA HOLDINGS PRIVATE LIMITED,corporate,E0309,RAJRATNA HOLDINGS PRIVATE LIMITED,corporate,rajratna holdings,as_filed,1
Rajratna Holdings Private Limited,corporate,E0309,RAJRATNA HOLDINGS PRIVATE LIMITED,corporate,rajratna holdings,as_filed,1
Rajratna Holdings Pvt. Limited,corporate,E0309,RAJRATNA HOLDINGS PRIVATE LIMITED,corporate,rajratna holdings,as_filed,1
Rallis India Ltd,corporate,E0310,Rallis India Ltd,corporate,rallis india,as_filed,4
Ramesh Chimanlal Shah,individual,E0311,Ramesh Chimanlal Shah,individual,ramesh chimanlal shah,as_filed,1
RAMESH DOULATRAM HARIANI,individual,E0312,RAMESH DOULATRAM HARIANI,individual,ramesh doulatram hariani,as_filed,1
Ravi Shankaran,individual,E0313,Ravi Shankaran,individual,ravi shankaran,as_filed,1
Rekha Jhunjhunwala,individual,E0314,Rekha Jhunjhunwala,individual,rekha jhunjhunwala,as_filed,4
REKHA JHUNJHUNWALA,individual,E0314,Rekha Jhunjhunwala,individual,rekha jhunjhunwala,as_filed,1
RENUKA INVESTMENTS AND FINANCE LIMITED,corporate,E0315,RENUKA INVESTMENTS AND FINANCE LIMITED,corporate,renuka investments and finance,as_filed,1
Renuka Ventures Limited,corporate,E0316,Renuka Ventures Limited,corporate,renuka ventures,as_filed,1
ROHIT REDDY D,individual,E0317,ROHIT REDDY D,individual,rohit reddy d,as_filed,1
Roopa Corporate Services Pvt. Ltd.,corporate,E0318,Roopa Corporate Services Pvt. Ltd,corporate,roopa corporate services,as_filed,1
Rujuvalika Investments Limited,corporate,E0319,Rujuvalika Investments Limited,corporate,rujuvalika investments,as_filed,1
Sachin Bansal,individual,E0320,Sachin Bansal,individual,sachin bansal,as_filed,1
"M V SUBBIAH, trustee of Saraswathi Trust",corporate,E0321,Saraswathi Trust,corporate,saraswathi trust,trustee_of,1
"Saraswathi Trust (M V Subbiah, S Vellayan & M V Seetha Subbiah are trustees of the trust)",corporate,E0321,Saraswathi Trust,corporate,saraswathi trust,as_filed,1
"Saraswathi Trust (M V Subbiah, S Vellayan & M V Seetha Subbiah, Trustees holds shares for Trust)",corporate,E0321,Saraswathi Trust,corporate,saraswathi trust,as_filed,1
"Saraswathi Trust (M V Subbiah, S Vellayan and M V Seetha Subbiah hold shares on behalf of the Trust)",corporate,E0321,Saraswathi Trust,corporate,saraswathi trust,as_filed,1
"Saraswathi Trust (M V Subbiah, S Vellayan and M V Seetha Subbiah hold shares)",corporate,E0321,Saraswathi Trust,corporate,saraswathi trust,as_filed,1
"Saraswathi Trust (M V Subbiah, S Vellayan, M V Seetha Subbiah holds shares on behalf of Trust)",corporate,E0321,Saraswathi Trust,corporate,saraswathi trust,as_filed,1
SBI ARBITRAGE OPPORTUNITIES FUND,corporate,E0322,SBI ARBITRAGE OPPORTUNITIES FUND,corporate,sbi arbitrage opportunities fund,as_filed,1
SBI LARGE & MIDCAP FUND,corporate,E0323,SBI LARGE & MIDCAP FUND,corporate,sbi large and midcap fund,as_filed,1
SBI Large & Midcap Fund (Various Accounts),corporate,E0323,SBI LARGE & MIDCAP FUND,corporate,sbi large and midcap fund,as_filed,1
SBI Large Cap Fund,corporate,E0324,SBI Large Cap Fund,corporate,sbi large cap fund,as_filed,1
SBI Life Insurance Co. Ltd,corporate,E0325,SBI Life Insurance Co. Ltd,corporate,sbi life insurance,as_filed,2
Sbi Life Insurance Co. Ltd,corporate,E0325,SBI Life Insurance Co. Ltd,corporate,sbi life insurance,as_filed,2
SBI MIDCAP FUND,corporate,E0326,SBI MIDCAP FUND,corporate,sbi midcap fund,as_filed,1
SBI MUTUAL FUND (Various Funds),corporate,E0327,SBI MUTUAL FUND,corporate,sbi mutual fund,as_filed,1
Sbi Nifty 50 Etf,corporate,E0328,Sbi Nifty 50 Etf,corporate,sbi nifty 50 etf,as_filed,6
SBI Nifty 50 ETF,corporate,E0328,Sbi Nifty 50 Etf,corporate,sbi nifty 50 etf,as_filed,1
Sbi-Nifty 50 ETF,corporate,E0328,Sbi Nifty 50 Etf,corporate,sbi nifty 50 etf,as_filed,1
SBI NIFTY 500 INDEX FUND,corporate,E0329,SBI NIFTY 500 INDEX FUND A/C,corporate,sbi nifty 500 index fund,as_filed,1
SBI NIFTY 500 INDEX FUND A/C (Through Multiple Schemes),corporate,E0329,SBI NIFTY 500 INDEX FUND A/C,corporate,sbi nifty 500 index fund,as_filed,1
SCHLUMBERGER LIMITED,corporate,E0330,SCHLUMBERGER LIMITED,corporate,schlumberger,as_filed,1
"M V SUBBIAH, trustee of Shambho Trust",corporate,E0331,Shambho Trust,corporate,shambho trust,trustee_of,1
Shambho Trust (M V Subbiah & S Vellayan are trustees of the trust),corporate,E0331,Shambho Trust,corporate,shambho trust,as_filed,1
Shambho Trust (M V Subbiah & S Vellayan hold shares on behalf of the Trust),corporate,E0331,Shambho Trust,corporate,shambho trust,as_filed,1
"Shambho Trust (M V Subbiah & S Vellayan,Trustees holds shares for Trust)",corporate,E0331,Shambho Trust,corporate,shambho trust,as_filed,1
Shambho Trust (M V Subbiah and S Vellayan hold shares),corporate,E0331,Shambho Trust,corporate,shambho trust,as_filed,1
Shambho Trust (M V Subbiah and S Vellayan holds shares on behalf of Trust),corporate,E0331,Shambho Trust,corporate,shambho trust,as_filed,1
Shamyak Investment Private Limited,corporate,E0332,Shamyak Investment Private Limited,corporate,shamyak investment,as_filed,1
Shanthi Gears Ltd,corporate,E0333,Shanthi Gears Ltd,corporate,shanthi gears,as_filed,7
Shrivarad Narayan Singh,individual,E0334,Shrivarad Narayan Singh,individual,shrivarad narayan singh,as_filed,1
Siddhartha Yog,individual,E0335,Siddhartha Yog,individual,siddhartha yog,as_filed,1
SIGAPI ARUNACHALAM,individual,E0336,SIGAPI ARUNACHALAM,individual,sigapi arunachalam,as_filed,4
Sigapi Arunachalam,individual,E0336,SIGAPI ARUNACHALAM,individual,sigapi arunachalam,as_filed,1
"Sigappi Arunachalam SigappiArun,MAMArunachalam&AMMeyyammaiholdsshares-Murug.Arun.ChildrenTrust",corporate,E0337,"Sigappi Arunachalam SigappiArun,MAMArunachalam&AMMeyyammaiholdsshares-Murug.Arun.ChildrenTrust",corporate,sigappi arunachalam sigappiarun mamarunachalam and ammeyyammaiholdsshares murug arun childrentrust,as_filed,1
Simto Investment Company Limited,corporate,E0338,Simto Investment Company Limited,corporate,simto investment,as_filed,2
"SMALLCAP WORLD FUND, INC",corporate,E0339,"SMALLCAP WORLD FUND, INC",corporate,smallcap world fund,as_filed,1
SOLACHI RAMANATHAN,individual,E0340,SOLACHI RAMANATHAN,individual,solachi ramanathan,as_filed,5
Solachi Ramanathan,individual,E0340,SOLACHI RAMANATHAN,individual,solachi ramanathan,as_filed,1
SOUTHERN ENERGY DEVELOPMENT CORPORATION LTD,corporate,E0341,SOUTHERN ENERGY DEVELOPMENT CORPORATION LTD,corporate,southern energy development,as_filed,1
Surya Kiran Investments Pte Limited,corporate,E0342,Surya Kiran Investments Pte Limited,corporate,surya kiran investments,as_filed,2
Surya Kiran Investments Pte Ltd,corporate,E0342,Surya Kiran Investments Pte Limited,corporate,surya kiran investments,as_filed,1
Surya Kiran Investments Pte. Ltd.,corporate,E0342,Surya Kiran Investments Pte Limited,corporate,surya kiran investments,as_filed,1
Suryaja Investments Pte. Ltd.,corporate,E0343,Suryaja Investments Pte. Ltd,corporate,suryaja investments,as_filed,1
TAIDA TRADING AND INDUSTRIES LIMITED,corporate,E0344,TAIDA TRADING AND INDUSTRIES LIMITED,corporate,taida trading and industries,as_filed,1
TAJ MADURAI LIMITED,corporate,E0345,TAJ MADURAI LIMITED,corporate,taj madurai,as_filed,2
TAJ TRADE AND TRANSPORT COMPANY LIMITED,corporate,E0346,TAJ TRADE AND TRANSPORT COMPANY LIMITED,corporate,taj trade and transport,as_filed,1
Tamilnadu Industrial Development Corporation Ltd,corporate,E0347,Tamilnadu Industrial Development Corporation Ltd,corporate,tamilnadu industrial development,as_filed,1
Tata AIA Life Insurance Co Ltd,corporate,E0348,Tata AIA Life Insurance Co Ltd,corporate,tata aia life insurance,as_filed,1
Tata AutoComp Systems Limited,corporate,E0349,Tata AutoComp Systems Limited,corporate,tata autocomp systems,as_filed,1
Tata Capital Ltd,corporate,E0350,Tata Capital Ltd,corporate,tata capital,as_filed,8
Tata Capital Limited,corporate,E0350,Tata Capital Ltd,corporate,tata capital,as_filed,5
TATA CAPITAL LTD,corporate,E0350,Tata Capital Ltd,corporate,tata capital,as_filed,1
Tata Chemicals Ltd,corporate,E0351,Tata Chemicals Ltd,corporate,tata chemicals,as_filed,11
Tata Chemicals Limited,corporate,E0351,Tata Chemicals Ltd,corporate,tata chemicals,as_filed,5
TATA CHEMICALS LIMITED,corporate,E0351,Tata Chemicals Ltd,corporate,tata chemicals,as_filed,2
Tata Communications Ltd,corporate,E0352,Tata Communications Ltd,corporate,tata communications,as_filed,8
Tata Consultancy Services Ltd,corporate,E0353,Tata Consultancy Services Ltd,corporate,tata consultancy services,as_filed,8
Tata Consumer Products Ltd,corporate,E0354,Tata Consumer Products Ltd,corporate,tata consumer products,as_filed,13
Tata Consumer Products Limited,corporate,E0354,Tata Consumer Products Ltd,corporate,tata consumer products,as_filed,3
Tata Elxsi Ltd,corporate,E0355,Tata Elxsi Ltd,corporate,tata elxsi,as_filed,4
Tata Enterprises Overseas Limited,corporate,E0356,Tata Enterprises Overseas Limited,corporate,tata enterprises overseas,as_filed,1
TATA ETHICAL FUND,corporate,E0357,TATA ETHICAL FUND,corporate,tata ethical fund,as_filed,1
Tata Industries Limited,corporate,E0358,Tata Industries Limited,corporate,tata industries,as_filed,8
TATA INDUSTRIES LIMITED,corporate,E0358,Tata Industries Limited,corporate,tata industries,as_filed,1
Tata International Limited,corporate,E0359,Tata International Limited,corporate,tata international,as_filed,1
Tata Investment Corporation Ltd,corporate,E0360,Tata Investment Corporation Ltd,corporate,tata investment,as_filed,13
Tata Investment Corporation Limited,corporate,E0360,Tata Investment Corporation Ltd,corporate,tata investment,as_filed,7
TATA INVESTMENT CORPORATION LTD,corporate,E0360,Tata Investment Corporation Ltd,corporate,tata investment,as_filed,2
Tata Motors Ltd,corporate,E0361,Tata Motors Ltd,corporate,tata motors,as_filed,15
Tata Motors Limited,corporate,E0361,Tata Motors Ltd,corporate,tata motors,as_filed,2
Tata Motors Passenger Vehicles Ltd,corporate,E0362,Tata Motors Passenger Vehicles Ltd,corporate,tata motors passenger vehicles,as_filed,12
Tata Motors Passenger Vehicles Limited (Formerly Tata Motors Limited),corporate,E0362,Tata Motors Passenger Vehicles Ltd,corporate,tata motors passenger vehicles,as_filed,1
Tata Motors Passenger Vehicles Limited (formerly known as Tata Motors Limited),corporate,E0362,Tata Motors Passenger Vehicles Ltd,corporate,tata motors passenger vehicles,as_filed,1
Tata Power Company Ltd,corporate,E0363,Tata Power Company Ltd,corporate,tata power,as_filed,10
The Tata Power Company Limited,corporate,E0363,Tata Power Company Ltd,corporate,tata power,as_filed,8
Tata Securities Limited,corporate,E0364,Tata Securities Limited,corporate,tata securities,as_filed,3
Tata Sons Private Limited,corporate,E0365,Tata Sons Private Limited,corporate,tata sons,as_filed,15
TATA SONS PRIVATE LIMITED,corporate,E0365,Tata Sons Private Limited,corporate,tata sons,as_filed,1
Tata Steel Ltd,corporate,E0366,Tata Steel Ltd,corporate,tata steel,as_filed,14
Tata Steel Limited,corporate,E0366,Tata Steel Ltd,corporate,tata steel,as_filed,6
Tata Technologies Ltd,corporate,E0367,Tata Technologies Ltd,corporate,tata technologies,as_filed,6
Tata Teleservices (Maharashtra) Ltd,corporate,E0368,Tata Teleservices (Maharashtra) Ltd,corporate,tata teleservices maharashtra,as_filed,4
Tata Teleservices Limited,corporate,E0369,Tata Teleservices Limited,corporate,tata teleservices,as_filed,1
Tejas Networks Ltd,corporate,E0370,Tejas Networks Ltd,corporate,tejas networks,as_filed,2
Thai Rayon Public Company Limited,corporate,E0371,Thai Rayon Public Company Limited,corporate,thai rayon public,as_filed,2
Thai Rayon Public Co. Ltd.,corporate,E0371,Thai Rayon Public Company Limited,corporate,thai rayon public,as_filed,1
THE PUNJAB PRODUCE AND TRADING CO PVT LTD,corporate,E0372,THE PUNJAB PRODUCE AND TRADING CO PVT LTD,corporate,punjab produce and trading,as_filed,1
Theleme India Master Fund Limited,corporate,E0373,Theleme India Master Fund Limited,corporate,theleme india master fund,as_filed,1
Theleme Master Fund Limited,corporate,E0374,Theleme Master Fund Limited,corporate,theleme master fund,as_filed,1
Titan Company Ltd,corporate,E0375,Titan Company Ltd,corporate,titan,as_filed,12
Titan Company Limited,corporate,E0375,Titan Company Ltd,corporate,titan,as_filed,4
TITAN COMPANY LIMITED,corporate,E0375,Titan Company Ltd,corporate,titan,as_filed,1
Tmf Holdings Limited,corporate,E0376,Tmf Holdings Limited,corporate,tmf holdings,as_filed,1
TRANS CRYSTAL LTD.,corporate,E0377,TRANS CRYSTAL LTD,corporate,trans crystal,as_filed,1
Trent Ltd,corporate,E0378,Trent Ltd,corporate,trent,as_filed,12
Trent Limited,corporate,E0378,Trent Ltd,corporate,trent,as_filed,1
TRF Ltd-$,corporate,E0379,TRF Ltd-$,corporate,trf,as_filed,9
TRUSTEE HOLDING SHARES UNDER THE SCHEME OF MERGER OF HIL/IGCL/IGFL ON BEHALF OF HINDALCO,corporate,E0380,TRUSTEE HOLDING SHARES UNDER THE SCHEME OF MERGER OF HIL/IGCL/IGFL ON BEHALF OF HINDALCO,corporate,trustee holding shares under the scheme of merger of hil igcl igfl on behalf of hindalco,as_filed,1
Tube Investments of India Ltd,corporate,E0381,Tube Investments of India Ltd,corporate,tube investments of india,as_filed,68
Tube Investments Of India Limited,corporate,E0381,Tube Investments of India Ltd,corporate,tube investments of india,as_filed,1
Tube Investments of India Limited,corporate,E0381,Tube Investments of India Ltd,corporate,tube investments of india,as_filed,1
UltraTech Cement Ltd,corporate,E0382,UltraTech Cement Ltd,corporate,ultratech cement,as_filed,30
UMA RAMANATHAN,individual,E0383,UMA RAMANATHAN,individual,uma ramanathan,as_filed,5
Uma Ramanathan,individual,E0383,UMA RAMANATHAN,individual,uma ramanathan,as_filed,2
USHA MARTIN TELEMATICS LIMITED,corporate,E0384,USHA MARTIN TELEMATICS LIMITED,corporate,usha martin telematics,as_filed,1
Uti Nifty 50 Etf,corporate,E0385,Uti Nifty 50 Etf,corporate,uti nifty 50 etf,as_filed,3
UTI NIFTY500 SHARIAH INDEX FUND,corporate,E0386,UTI NIFTY500 SHARIAH INDEX FUND,corporate,uti nifty500 shariah index fund,as_filed,1
V ARUNACHALAM,individual,E0387,V ARUNACHALAM,individual,v arunachalam,as_filed,6
V Arunachalam,individual,E0387,V ARUNACHALAM,individual,v arunachalam,as_filed,1
V NARAYANAN,individual,E0388,V NARAYANAN,individual,v narayanan,as_filed,6
V Narayanan,individual,E0388,V NARAYANAN,individual,v narayanan,as_filed,1
"V S Bhairavi Trust (M V Subbiah & Subbiah Vellayan, Trustees holds shares for Trust)",corporate,E0389,V S Bhairavi Trust,corporate,vs bhairavi trust,as_filed,1
V VASANTHA,individual,E0390,V VASANTHA,individual,v vasantha,as_filed,5
V Vasantha,individual,E0390,V VASANTHA,individual,v vasantha,as_filed,1
VAIBHAV HOLDINGS PRIVATE LIMITED,corporate,E0391,VAIBHAV HOLDINGS PRIVATE LIMITED,corporate,vaibhav holdings,as_filed,1
Vaibhav Holdings Private Limited,corporate,E0391,VAIBHAV HOLDINGS PRIVATE LIMITED,corporate,vaibhav holdings,as_filed,1
Vaibhav Holdings Pvt. Limited,corporate,E0391,VAIBHAV HOLDINGS PRIVATE LIMITED,corporate,vaibhav holdings,as_filed,1
VALLI ALAGAPPAN,individual,E0392,VALLI ALAGAPPAN,individual,valli alagappan,as_filed,2
Valli Alagappan,individual,E0392,VALLI ALAGAPPAN,individual,valli alagappan,as_filed,2
VALLI ANNAMALAI,individual,E0393,VALLI ANNAMALAI,individual,valli annamalai,as_filed,6
Valli Annamalai,individual,E0393,VALLI ANNAMALAI,individual,valli annamalai,as_filed,1
Valli Subbiah Benefit Trust (S Vellayan & M V Subbiah hold shares on behalf of the Trust),corporate,E0394,Valli Subbiah Benefit Trust,corporate,valli subbiah benefit trust,as_filed,1
Valli Subbiah Benefit Trust (Subbiah Vellayan & M V Subbiah holds shares on behalf of Trust),corporate,E0394,Valli Subbiah Benefit Trust,corporate,valli subbiah benefit trust,as_filed,1
"Valli Subbiah Benefit Trust (Subbiah Vellayan & M.V.Subbiah, Trustees holds shares for Trust)",corporate,E0394,Valli Subbiah Benefit Trust,corporate,valli subbiah benefit trust,as_filed,1
Valli Subbiah Benefit Trust (Subbiah Vellayan and M V Subbiah holds shares),corporate,E0394,Valli Subbiah Benefit Trust,corporate,valli subbiah benefit trust,as_filed,1
VALLIAMMAI MURUGAPPAN,individual,E0395,VALLIAMMAI MURUGAPPAN,individual,valliammai murugappan,as_filed,6
Vanguard Total International Stock Index Fund,corporate,E0396,Vanguard Total International Stock Index Fund,corporate,vanguard total international stock index fund,as_filed,1
Varada Vasupriya,individual,E0397,Varada Vasupriya,individual,varada vasupriya,as_filed,1
Vasavadatta Bajaj,individual,E0398,Vasavadatta Bajaj,individual,vasavadatta bajaj,as_filed,5
MRS.VASAVADATTA BAJAJ,individual,E0398,Vasavadatta Bajaj,individual,vasavadatta bajaj,as_filed,1
Smt. Vasavadatta Bajaj,individual,E0398,Vasavadatta Bajaj,individual,vasavadatta bajaj,as_filed,1
VASAVADATTA BAJAJ,individual,E0398,Vasavadatta Bajaj,individual,vasavadatta bajaj,as_filed,1
VEDHIKA MEYYAMMAI ARUNACHALAM,individual,E0399,VEDHIKA MEYYAMMAI ARUNACHALAM,individual,vedhika meyyammai arunachalam,as_filed,1
Vedhika Meyyammai Arunachalam,individual,E0399,VEDHIKA MEYYAMMAI ARUNACHALAM,individual,vedhika meyyammai arunachalam,as_filed,1
Vedika Meyyammai Arunachalam,individual,E0399,VEDHIKA MEYYAMMAI ARUNACHALAM,individual,vedika meyyammai arunachalam,as_filed,1
VIKRAM HOLDINGS PVT LTD,corporate,E0400,VIKRAM HOLDINGS PVT LTD,corporate,vikram holdings,as_filed,1
Vikram Holding Pvt. Limited,corporate,E0400,VIKRAM HOLDINGS PVT LTD,corporate,vikram holding,as_filed,1
Vikram Holdings Pvt Ltd,corporate,E0400,VIKRAM HOLDINGS PVT LTD,corporate,vikram holdings,as_filed,1
Vinodchandra Mansukhlal Parekh,individual,E0401,Vinodchandra Mansukhlal Parekh,individual,vinodchandra mansukhlal parekh,as_filed,1
Vodafone Idea Ltd,corporate,E0402,Vodafone Idea Ltd,corporate,vodafone idea,as_filed,20
VODAFONE TELECOMMUNICATIONS (INDIA) LIMITED,corporate,E0403,VODAFONE TELECOMMUNICATIONS (INDIA) LIMITED,corporate,vodafone telecommunications india,as_filed,1
Voltas Ltd,corporate,E0404,Voltas Ltd,corporate,voltas,as_filed,15
VOLTAS LIMITED,corporate,E0404,Voltas Ltd,corporate,voltas,as_filed,1
Voltas Limited,corporate,E0404,Voltas Ltd,corporate,voltas,as_filed,1
Zen Securities Ltd,corporate,E0405,Zen Securities Ltd,corporate,zen securities,as_filed,1
